date,diesel,midgrade_ref,premium_conv,premium_ref,midgrade_conv,regular_ref,regular_conv,crude_oil,usd_index,covid_flag
1995-01-02,1.104,1.298,1.25,1.386,1.159,1.167,1.063,17.62,,0
1995-01-09,1.102,1.3,1.256,1.387,1.164,1.169,1.07,17.55,,0
1995-01-16,1.1,1.299,1.249,1.385,1.155,1.169,1.062,18.45,,0
1995-01-23,1.095,1.296,1.256,1.378,1.165,1.165,1.068,18.34,,0
1995-01-30,1.09,1.291,1.255,1.37,1.163,1.162,1.068,18.5,,0
1995-02-06,1.086,1.288,1.25,1.368,1.157,1.159,1.062,18.42,,0
1995-02-13,1.088,1.285,1.243,1.367,1.153,1.158,1.058,18.55,,0
1995-02-20,1.088,1.28,1.239,1.363,1.148,1.153,1.052,18.75,,0
1995-02-27,1.089,1.276,1.246,1.362,1.153,1.152,1.06,18.5,,0
1995-03-06,1.089,1.275,1.244,1.358,1.157,1.149,1.063,18.27,,0
1995-03-13,1.088,1.268,1.238,1.353,1.15,1.141,1.056,18.13,,0
1995-03-20,1.085,1.267,1.236,1.351,1.149,1.14,1.055,18.69,,0
1995-03-27,1.088,1.265,1.241,1.349,1.153,1.138,1.063,19.12,,0
1995-04-03,1.094,1.266,1.255,1.35,1.167,1.14,1.077,19.43,,0
1995-04-10,1.101,1.273,1.273,1.357,1.186,1.149,1.094,19.53,,0
1995-04-17,1.106,1.278,1.29,1.361,1.201,1.16,1.11,20.26,,0
1995-04-24,1.115,1.291,1.315,1.377,1.224,1.176,1.133,20.29,,0
1995-05-01,1.119,1.305,1.323,1.389,1.234,1.188,1.141,20.24,,0
1995-05-08,1.126,1.324,1.349,1.408,1.257,1.205,1.164,19.74,,0
1995-05-15,1.126,1.334,1.357,1.418,1.267,1.215,1.173,19.98,,0
1995-05-22,1.124,1.344,1.376,1.429,1.285,1.233,1.191,19.37,,0
1995-05-29,1.13,1.351,1.379,1.435,1.288,1.239,1.193,18.92,,0
1995-06-05,1.124,1.349,1.38,1.434,1.288,1.238,1.194,19.05,,0
1995-06-12,1.122,1.348,1.375,1.433,1.286,1.237,1.19,18.91,,0
1995-06-19,1.117,1.345,1.368,1.432,1.277,1.234,1.183,17.88,,0
1995-06-26,1.112,1.341,1.363,1.428,1.27,1.228,1.177,17.71,,0
1995-07-03,1.106,1.337,1.354,1.423,1.262,1.223,1.169,17.28,,0
1995-07-10,1.103,1.333,1.344,1.416,1.252,1.216,1.159,17.34,,0
1995-07-17,1.099,1.325,1.335,1.409,1.243,1.207,1.148,17.21,,0
1995-07-24,1.098,1.314,1.325,1.397,1.234,1.196,1.138,17.41,,0
1995-07-31,1.093,1.304,1.311,1.387,1.22,1.183,1.126,17.72,,0
1995-08-07,1.099,1.296,1.309,1.379,1.216,1.174,1.124,17.81,,0
1995-08-14,1.106,1.288,1.306,1.372,1.214,1.166,1.121,17.6,,0
1995-08-21,1.106,1.28,1.308,1.366,1.215,1.16,1.122,19.02,,0
1995-08-28,1.109,1.275,1.3,1.356,1.206,1.156,1.113,17.88,,0
1995-09-04,1.115,1.277,1.294,1.362,1.202,1.152,1.111,18.37,,0
1995-09-11,1.119,1.268,1.292,1.356,1.201,1.148,1.107,18.72,,0
1995-09-18,1.122,1.265,1.291,1.355,1.2,1.146,1.106,18.32,,0
1995-09-25,1.121,1.26,1.29,1.352,1.197,1.142,1.106,17.55,,0
1995-10-02,1.117,1.262,1.282,1.352,1.191,1.142,1.1,17.29,,0
1995-10-09,1.117,1.261,1.275,1.351,1.182,1.139,1.092,17.28,,0
1995-10-16,1.117,1.26,1.264,1.348,1.173,1.135,1.081,17.51,,0
1995-10-23,1.114,1.254,1.254,1.341,1.163,1.129,1.073,17.56,,0
1995-10-30,1.11,1.246,1.245,1.332,1.154,1.117,1.062,17.79,,0
1995-11-06,1.118,1.24,1.245,1.318,1.151,1.11,1.06,17.76,,0
1995-11-13,1.118,1.236,1.242,1.315,1.149,1.107,1.059,18.06,,0
1995-11-20,1.119,1.231,1.238,1.309,1.146,1.1,1.056,17.99,,0
1995-11-27,1.124,1.229,1.237,1.306,1.146,1.098,1.057,18.32,,0
1995-12-04,1.123,1.229,1.238,1.307,1.147,1.101,1.058,18.74,,0
1995-12-11,1.124,1.23,1.239,1.307,1.148,1.104,1.057,19.02,,0
1995-12-18,1.13,1.236,1.253,1.314,1.161,1.113,1.072,19.12,,0
1995-12-25,1.141,1.242,1.255,1.322,1.163,1.122,1.075,19.44,,0
1996-01-01,1.148,1.244,1.258,1.326,1.164,1.122,1.077,19.99,,0
1996-01-08,1.146,1.242,1.266,1.326,1.174,1.128,1.086,19.43,,0
1996-01-15,1.152,1.252,1.274,1.335,1.18,1.135,1.092,18.64,,0
1996-01-22,1.144,1.255,1.267,1.337,1.173,1.132,1.084,18.35,,0
1996-01-29,1.136,1.253,1.26,1.334,1.168,1.128,1.079,17.64,,0
1996-02-05,1.13,1.25,1.258,1.331,1.164,1.126,1.076,17.72,,0
1996-02-12,1.134,1.249,1.252,1.329,1.161,1.123,1.073,18.8,,0
1996-02-19,1.151,1.253,1.259,1.33,1.169,1.126,1.078,21.45,,0
1996-02-26,1.164,1.269,1.279,1.345,1.189,1.142,1.099,19.49,,0
1996-03-04,1.175,1.279,1.297,1.355,1.205,1.158,1.115,19.72,,0
1996-03-11,1.173,1.284,1.296,1.361,1.206,1.165,1.116,20.8,,0
1996-03-18,1.172,1.292,1.307,1.369,1.216,1.17,1.128,23.16,,0
1996-03-25,1.21,1.314,1.334,1.39,1.244,1.192,1.158,22.03,,0
1996-04-01,1.222,1.334,1.347,1.406,1.258,1.209,1.172,22.49,,0
1996-04-08,1.249,1.36,1.37,1.429,1.282,1.236,1.195,23.95,,0
1996-04-15,1.305,1.405,1.411,1.473,1.321,1.28,1.234,24.34,,0
1996-04-22,1.304,1.458,1.422,1.519,1.333,1.32,1.243,23.8,,0
1996-04-29,1.285,1.481,1.437,1.544,1.347,1.342,1.257,21.16,,0
1996-05-06,1.292,1.49,1.439,1.553,1.349,1.351,1.259,20.98,,0
1996-05-13,1.285,1.493,1.442,1.555,1.352,1.354,1.262,21.06,,0
1996-05-20,1.274,1.494,1.45,1.556,1.359,1.357,1.269,22.24,,0
1996-05-27,1.254,1.484,1.44,1.549,1.347,1.349,1.26,20.37,,0
1996-06-03,1.24,1.49,1.434,1.556,1.342,1.367,1.252,20.04,,0
1996-06-10,1.215,1.479,1.426,1.543,1.335,1.356,1.247,20.15,,0
1996-06-17,1.193,1.469,1.419,1.533,1.329,1.344,1.241,20.95,,0
1996-06-24,1.179,1.46,1.407,1.525,1.318,1.332,1.23,20.55,,0
1996-07-01,1.172,1.448,1.397,1.514,1.307,1.319,1.219,21.4,,0
1996-07-08,1.173,1.439,1.395,1.506,1.307,1.312,1.217,21.65,,0
1996-07-15,1.178,1.432,1.394,1.499,1.304,1.305,1.215,21.8,,0
1996-07-22,1.184,1.424,1.394,1.491,1.304,1.296,1.215,20.96,,0
1996-07-29,1.178,1.414,1.386,1.48,1.297,1.284,1.209,20.66,,0
1996-08-05,1.184,1.402,1.379,1.47,1.289,1.271,1.199,21.35,,0
1996-08-12,1.191,1.389,1.374,1.458,1.284,1.259,1.196,22.25,,0
1996-08-19,1.206,1.376,1.376,1.445,1.287,1.251,1.199,22.5,,0
1996-08-26,1.222,1.378,1.378,1.447,1.288,1.252,1.201,21.82,,0
1996-09-02,1.231,1.359,1.37,1.432,1.281,1.235,1.193,23.48,,0
1996-09-09,1.25,1.357,1.375,1.429,1.287,1.235,1.201,24.42,,0
1996-09-16,1.276,1.36,1.376,1.433,1.29,1.237,1.203,23.52,,0
1996-09-23,1.277,1.359,1.378,1.432,1.29,1.238,1.203,24.33,,0
1996-09-30,1.289,1.352,1.374,1.426,1.286,1.233,1.199,24.44,,0
1996-10-07,1.308,1.348,1.367,1.421,1.279,1.227,1.191,24.93,,0
1996-10-14,1.326,1.344,1.378,1.419,1.29,1.228,1.203,25.45,,0
1996-10-21,1.329,1.339,1.382,1.416,1.292,1.222,1.205,25.15,,0
1996-10-28,1.329,1.335,1.395,1.413,1.305,1.221,1.217,23.91,,0
1996-11-04,1.323,1.336,1.403,1.416,1.312,1.225,1.225,22.92,,0
1996-11-11,1.316,1.329,1.409,1.413,1.317,1.223,1.229,23.9,,0
1996-11-18,1.324,1.338,1.419,1.422,1.326,1.23,1.238,24.03,,0
1996-11-25,1.327,1.341,1.423,1.428,1.332,1.236,1.246,24.21,,0
1996-12-02,1.323,1.345,1.421,1.433,1.33,1.24,1.242,25.14,,0
1996-12-09,1.32,1.349,1.421,1.437,1.327,1.245,1.241,24.2,,0
1996-12-16,1.307,1.354,1.415,1.443,1.322,1.248,1.233,26.02,,0
1996-12-23,1.3,1.355,1.409,1.442,1.317,1.249,1.227,25.44,,0
1996-12-30,1.295,1.355,1.407,1.443,1.313,1.25,1.224,25.59,,0
1997-01-06,1.291,1.361,1.402,1.448,1.311,1.254,1.22,26.3,,0
1997-01-13,1.296,1.375,1.418,1.458,1.326,1.266,1.235,25.42,,0
1997-01-20,1.293,1.377,1.418,1.459,1.324,1.268,1.236,24.4,,0
1997-01-27,1.283,1.376,1.415,1.458,1.321,1.265,1.232,24.24,,0
1997-02-03,1.288,1.378,1.414,1.458,1.319,1.267,1.23,23.49,,0
1997-02-10,1.285,1.379,1.405,1.46,1.315,1.271,1.227,22.21,,0
1997-02-17,1.278,1.378,1.403,1.458,1.309,1.266,1.22,22.18,,0
1997-02-24,1.269,1.377,1.401,1.454,1.307,1.26,1.217,20.83,,0
1997-03-03,1.252,1.371,1.391,1.448,1.298,1.253,1.208,20.77,,0
1997-03-10,1.23,1.373,1.385,1.448,1.292,1.252,1.199,20.64,,0
1997-03-17,1.22,1.373,1.375,1.444,1.283,1.249,1.191,21.72,,0
1997-03-24,1.22,1.374,1.376,1.442,1.285,1.252,1.196,20.83,,0
1997-03-31,1.225,1.38,1.373,1.446,1.281,1.256,1.191,19.76,,0
1997-04-07,1.217,1.388,1.374,1.453,1.282,1.259,1.192,19.38,,0
1997-04-14,1.216,1.388,1.369,1.452,1.278,1.26,1.187,19.65,,0
1997-04-21,1.211,1.381,1.369,1.447,1.278,1.256,1.188,19.85,,0
1997-04-28,1.205,1.379,1.365,1.442,1.273,1.25,1.185,19.99,,0
1997-05-05,1.205,1.379,1.363,1.442,1.269,1.249,1.182,19.94,,0
1997-05-12,1.191,1.372,1.359,1.437,1.271,1.244,1.182,21.45,,0
1997-05-19,1.191,1.371,1.37,1.436,1.28,1.246,1.195,21.43,,0
1997-05-26,1.196,1.375,1.375,1.442,1.287,1.252,1.204,20.9,,0
1997-06-02,1.19,1.373,1.378,1.439,1.29,1.25,1.206,20.12,,0
1997-06-09,1.187,1.37,1.372,1.439,1.283,1.246,1.198,18.88,,0
1997-06-16,1.172,1.365,1.362,1.435,1.274,1.241,1.189,18.93,,0
1997-06-23,1.162,1.359,1.353,1.429,1.265,1.232,1.179,19.0,,0
1997-06-30,1.153,1.347,1.348,1.417,1.259,1.22,1.171,19.95,,0
1997-07-07,1.159,1.339,1.346,1.41,1.257,1.215,1.169,19.44,,0
1997-07-14,1.152,1.333,1.342,1.405,1.254,1.208,1.165,19.49,,0
1997-07-21,1.147,1.331,1.347,1.401,1.258,1.206,1.17,19.52,,0
1997-07-28,1.145,1.327,1.342,1.4,1.252,1.201,1.164,20.13,,0
1997-08-04,1.155,1.347,1.358,1.42,1.268,1.228,1.185,20.35,,0
1997-08-11,1.168,1.385,1.393,1.455,1.302,1.265,1.219,19.99,,0
1997-08-18,1.167,1.401,1.393,1.473,1.301,1.277,1.218,19.92,,0
1997-08-25,1.169,1.428,1.406,1.498,1.314,1.302,1.23,19.5,,0
1997-09-01,1.165,1.434,1.407,1.504,1.315,1.309,1.229,19.61,,0
1997-09-08,1.163,1.44,1.406,1.509,1.313,1.313,1.227,19.44,,0
1997-09-15,1.156,1.443,1.398,1.509,1.305,1.315,1.219,19.44,,0
1997-09-22,1.154,1.437,1.387,1.502,1.294,1.305,1.208,20.12,,0
1997-09-29,1.16,1.426,1.373,1.492,1.281,1.293,1.195,21.62,,0
1997-10-06,1.175,1.42,1.374,1.486,1.283,1.288,1.195,22.01,,0
1997-10-13,1.185,1.414,1.368,1.48,1.276,1.277,1.187,21.03,,0
1997-10-20,1.185,1.407,1.36,1.472,1.268,1.269,1.178,21.0,,0
1997-10-27,1.185,1.398,1.351,1.461,1.258,1.26,1.168,20.92,,0
1997-11-03,1.188,1.387,1.344,1.452,1.251,1.254,1.163,20.65,,0
1997-11-10,1.19,1.38,1.347,1.446,1.253,1.247,1.164,20.66,,0
1997-11-17,1.195,1.372,1.339,1.437,1.244,1.238,1.156,19.81,,0
1997-11-24,1.193,1.365,1.333,1.43,1.239,1.232,1.15,19.3,,0
1997-12-01,1.189,1.358,1.324,1.424,1.23,1.226,1.14,18.69,,0
1997-12-08,1.174,1.347,1.312,1.412,1.218,1.215,1.128,18.44,,0
1997-12-15,1.162,1.337,1.301,1.401,1.208,1.207,1.118,18.31,,0
1997-12-22,1.155,1.324,1.293,1.389,1.198,1.197,1.108,18.31,,0
1997-12-29,1.15,1.319,1.284,1.384,1.189,1.19,1.099,17.58,,0
1998-01-05,1.147,1.313,1.276,1.378,1.181,1.183,1.089,16.83,,0
1998-01-12,1.126,1.299,1.268,1.365,1.174,1.169,1.083,16.47,,0
1998-01-19,1.109,1.277,1.257,1.345,1.162,1.152,1.072,16.02,,0
1998-01-26,1.096,1.263,1.241,1.333,1.146,1.138,1.055,17.3,,0
1998-02-02,1.091,1.249,1.239,1.319,1.144,1.124,1.051,16.65,,0
1998-02-09,1.085,1.237,1.233,1.307,1.138,1.113,1.045,16.25,,0
1998-02-16,1.082,1.219,1.217,1.291,1.123,1.095,1.032,16.03,,0
1998-02-23,1.079,1.209,1.221,1.279,1.128,1.086,1.038,15.3,,0
1998-03-02,1.074,1.187,1.211,1.259,1.117,1.065,1.025,15.23,,0
1998-03-09,1.066,1.17,1.203,1.241,1.11,1.045,1.017,14.4,,0
1998-03-16,1.057,1.159,1.192,1.232,1.1,1.035,1.006,14.04,,0
1998-03-23,1.049,1.151,1.181,1.225,1.09,1.029,0.998,16.42,,0
1998-03-30,1.068,1.177,1.21,1.251,1.117,1.057,1.026,15.98,,0
1998-04-06,1.067,1.176,1.206,1.248,1.114,1.059,1.023,15.55,,0
1998-04-13,1.065,1.181,1.203,1.252,1.111,1.066,1.018,15.53,,0
1998-04-20,1.065,1.18,1.208,1.251,1.114,1.065,1.021,14.5,,0
1998-04-27,1.07,1.191,1.22,1.26,1.123,1.077,1.032,15.71,,0
1998-05-04,1.072,1.221,1.227,1.283,1.131,1.101,1.038,15.48,,0
1998-05-11,1.075,1.232,1.237,1.295,1.144,1.115,1.052,15.03,,0
1998-05-18,1.069,1.24,1.228,1.308,1.137,1.12,1.055,13.91,,0
1998-05-25,1.06,1.236,1.226,1.307,1.138,1.12,1.052,14.99,,0
1998-06-01,1.053,1.234,1.224,1.304,1.132,1.119,1.047,15.02,,0
1998-06-08,1.045,1.232,1.232,1.305,1.142,1.116,1.06,13.42,,0
1998-06-15,1.04,1.23,1.226,1.302,1.134,1.111,1.049,12.04,,0
1998-06-22,1.033,1.226,1.218,1.301,1.127,1.106,1.041,14.17,,0
1998-06-29,1.034,1.22,1.22,1.296,1.128,1.099,1.042,14.41,,0
1998-07-06,1.036,1.22,1.219,1.296,1.127,1.103,1.041,13.94,,0
1998-07-13,1.031,1.218,1.215,1.294,1.123,1.099,1.037,14.48,,0
1998-07-20,1.027,1.217,1.217,1.293,1.128,1.098,1.044,13.89,,0
1998-07-27,1.02,1.212,1.211,1.289,1.118,1.09,1.035,14.24,,0
1998-08-03,1.016,1.204,1.199,1.282,1.109,1.082,1.023,13.83,,0
1998-08-10,1.01,1.199,1.195,1.278,1.102,1.076,1.018,13.12,,0
1998-08-17,1.007,1.194,1.188,1.275,1.097,1.072,1.011,13.33,,0
1998-08-24,1.004,1.19,1.181,1.268,1.09,1.065,1.004,13.65,,0
1998-08-31,1.0,1.181,1.178,1.261,1.085,1.059,0.998,13.98,,0
1998-09-07,1.009,1.177,1.172,1.258,1.079,1.054,0.991,14.45,,0
1998-09-14,1.019,1.173,1.168,1.254,1.075,1.049,0.987,14.88,,0
1998-09-21,1.03,1.182,1.179,1.261,1.086,1.055,0.999,15.78,,0
1998-09-28,1.039,1.183,1.178,1.263,1.085,1.058,0.999,15.83,,0
1998-10-05,1.041,1.181,1.186,1.261,1.093,1.057,1.006,15.02,,0
1998-10-12,1.041,1.184,1.194,1.263,1.1,1.06,1.01,14.21,,0
1998-10-19,1.036,1.179,1.19,1.257,1.095,1.055,1.007,13.81,,0
1998-10-26,1.036,1.18,1.183,1.26,1.089,1.057,1.001,14.34,,0
1998-11-02,1.035,1.176,1.18,1.255,1.086,1.052,0.997,14.13,,0
1998-11-09,1.034,1.175,1.178,1.256,1.083,1.051,0.994,13.63,,0
1998-11-16,1.026,1.17,1.166,1.248,1.073,1.045,0.981,12.4,,0
1998-11-23,1.012,1.174,1.156,1.252,1.065,1.044,0.971,11.62,,0
1998-11-30,1.004,1.169,1.141,1.248,1.048,1.035,0.954,11.28,,0
1998-12-07,0.986,1.157,1.12,1.238,1.027,1.024,0.933,11.16,,0
1998-12-14,0.972,1.152,1.112,1.233,1.016,1.017,0.923,11.5,,0
1998-12-21,0.968,1.152,1.107,1.23,1.014,1.014,0.921,11.0,,0
1998-12-28,0.966,1.147,1.1,1.226,1.008,1.009,0.914,11.83,,0
1999-01-04,0.965,1.143,1.098,1.223,1.006,1.006,0.913,12.67,,0
1999-01-11,0.967,1.139,1.102,1.219,1.011,1.005,0.92,12.62,,0
1999-01-18,0.97,1.143,1.104,1.221,1.012,1.013,0.921,12.26,,0
1999-01-25,0.964,1.137,1.098,1.216,1.006,1.006,0.913,12.46,,0
1999-02-01,0.962,1.127,1.094,1.207,1.002,0.994,0.908,12.16,,0
1999-02-08,0.962,1.122,1.092,1.203,0.999,0.987,0.907,11.81,,0
1999-02-15,0.959,1.116,1.084,1.195,0.99,0.981,0.899,11.66,,0
1999-02-22,0.953,1.112,1.074,1.191,0.979,0.974,0.885,12.36,,0
1999-03-01,0.956,1.116,1.077,1.192,0.987,0.978,0.891,12.9,,0
1999-03-08,0.964,1.126,1.085,1.198,0.995,0.985,0.9,14.19,,0
1999-03-15,1.0,1.162,1.137,1.23,1.048,1.03,0.958,14.91,,0
1999-03-22,1.018,1.197,1.178,1.262,1.086,1.067,0.999,15.55,,0
1999-03-29,1.046,1.303,1.229,1.351,1.141,1.156,1.055,16.61,,0
1999-04-05,1.075,1.374,1.26,1.412,1.172,1.21,1.087,16.45,,0
1999-04-12,1.084,1.403,1.277,1.442,1.193,1.239,1.107,16.77,,0
1999-04-19,1.08,1.397,1.275,1.442,1.19,1.234,1.103,17.93,,0
1999-04-26,1.078,1.392,1.275,1.44,1.187,1.229,1.099,18.23,,0
1999-05-03,1.078,1.383,1.28,1.433,1.194,1.224,1.107,18.62,,0
1999-05-10,1.083,1.38,1.288,1.438,1.201,1.231,1.109,18.0,,0
1999-05-17,1.075,1.369,1.291,1.427,1.203,1.221,1.112,17.18,,0
1999-05-24,1.066,1.343,1.279,1.407,1.191,1.201,1.101,17.07,,0
1999-05-31,1.065,1.319,1.27,1.389,1.18,1.182,1.088,16.77,,0
1999-06-07,1.059,1.306,1.272,1.376,1.184,1.168,1.092,17.96,,0
1999-06-14,1.068,1.301,1.268,1.371,1.178,1.169,1.088,18.21,,0
1999-06-21,1.082,1.307,1.282,1.376,1.195,1.176,1.105,18.05,,0
1999-06-28,1.087,1.304,1.274,1.371,1.185,1.168,1.095,19.04,,0
1999-07-05,1.102,1.302,1.289,1.37,1.2,1.17,1.11,19.87,,0
1999-07-12,1.114,1.334,1.299,1.402,1.21,1.203,1.123,20.21,,0
1999-07-19,1.133,1.372,1.326,1.434,1.238,1.232,1.148,19.89,,0
1999-07-26,1.137,1.39,1.348,1.451,1.261,1.252,1.172,20.62,,0
1999-08-02,1.146,1.405,1.35,1.463,1.262,1.261,1.172,20.54,,0
1999-08-09,1.156,1.424,1.361,1.482,1.27,1.275,1.183,21.44,,0
1999-08-16,1.178,1.441,1.388,1.501,1.3,1.299,1.214,21.62,,0
1999-08-23,1.186,1.441,1.389,1.501,1.301,1.298,1.212,21.21,,0
1999-08-30,1.194,1.433,1.393,1.497,1.302,1.29,1.214,21.88,,0
1999-09-06,1.198,1.432,1.401,1.499,1.311,1.297,1.223,23.0,,0
1999-09-13,1.209,1.428,1.415,1.497,1.325,1.294,1.234,24.28,,0
1999-09-20,1.226,1.433,1.431,1.506,1.345,1.311,1.252,24.53,,0
1999-09-27,1.226,1.422,1.429,1.497,1.342,1.302,1.248,24.58,,0
1999-10-04,1.234,1.421,1.425,1.5,1.335,1.297,1.242,22.72,,0
1999-10-11,1.228,1.424,1.418,1.502,1.327,1.299,1.234,22.54,,0
1999-10-18,1.224,1.416,1.407,1.495,1.314,1.288,1.22,22.65,,0
1999-10-25,1.226,1.404,1.41,1.485,1.319,1.276,1.225,22.5,,0
1999-11-01,1.229,1.398,1.403,1.477,1.312,1.272,1.218,22.72,,0
1999-11-08,1.234,1.393,1.405,1.474,1.314,1.271,1.222,24.22,,0
1999-11-15,1.261,1.404,1.425,1.481,1.334,1.284,1.24,26.05,,0
1999-11-22,1.289,1.419,1.44,1.494,1.353,1.298,1.258,27.35,,0
1999-11-29,1.304,1.432,1.445,1.508,1.357,1.312,1.262,25.46,,0
1999-12-06,1.294,1.437,1.445,1.514,1.353,1.313,1.26,26.19,,0
1999-12-13,1.288,1.435,1.446,1.51,1.356,1.312,1.263,26.2,,0
1999-12-20,1.287,1.429,1.442,1.507,1.351,1.305,1.257,26.07,,0
1999-12-27,1.298,1.428,1.448,1.505,1.358,1.303,1.263,26.34,,0
2000-01-03,1.309,1.428,1.444,1.507,1.353,1.306,1.26,24.95,,0
2000-01-10,1.307,1.423,1.437,1.502,1.345,1.301,1.252,26.27,,0
2000-01-17,1.307,1.423,1.451,1.503,1.362,1.303,1.268,29.37,,0
2000-01-24,1.418,1.445,1.484,1.524,1.397,1.335,1.307,28.34,,0
2000-01-31,1.439,1.457,1.485,1.535,1.398,1.34,1.307,28.08,,0
2000-02-07,1.47,1.458,1.496,1.538,1.406,1.343,1.319,28.83,,0
2000-02-14,1.456,1.477,1.527,1.554,1.438,1.37,1.35,29.87,,0
2000-02-21,1.456,1.519,1.573,1.59,1.487,1.414,1.4,30.1,,0
2000-02-28,1.461,1.551,1.584,1.619,1.499,1.438,1.413,31.07,,0
2000-03-06,1.49,1.643,1.663,1.709,1.579,1.529,1.49,32.14,,0
2000-03-13,1.496,1.703,1.689,1.764,1.6,1.574,1.511,31.29,,0
2000-03-20,1.479,1.731,1.689,1.791,1.597,1.592,1.508,27.99,,0
2000-03-27,1.451,1.725,1.667,1.786,1.576,1.583,1.484,26.92,,0
2000-04-03,1.442,1.717,1.661,1.776,1.572,1.578,1.478,25.6,,0
2000-04-10,1.419,1.702,1.632,1.763,1.541,1.559,1.447,24.87,,0
2000-04-17,1.398,1.68,1.601,1.745,1.508,1.534,1.415,26.66,,0
2000-04-24,1.428,1.669,1.587,1.734,1.495,1.532,1.406,25.95,,0
2000-05-01,1.418,1.655,1.57,1.723,1.477,1.522,1.386,26.75,,0
2000-05-08,1.402,1.659,1.609,1.725,1.518,1.535,1.427,28.7,,0
2000-05-15,1.415,1.67,1.646,1.738,1.556,1.562,1.466,29.88,,0
2000-05-22,1.432,1.682,1.674,1.752,1.581,1.587,1.494,29.46,,0
2000-05-29,1.431,1.697,1.684,1.767,1.594,1.603,1.509,29.98,,0
2000-06-05,1.419,1.712,1.703,1.787,1.615,1.627,1.535,29.79,,0
2000-06-12,1.411,1.74,1.763,1.816,1.68,1.669,1.607,32.45,,0
2000-06-19,1.423,1.762,1.811,1.838,1.73,1.694,1.664,33.55,,0
2000-06-26,1.432,1.762,1.796,1.839,1.712,1.679,1.641,32.12,,0
2000-07-03,1.453,1.774,1.772,1.847,1.682,1.666,1.606,30.4,,0
2000-07-10,1.449,1.769,1.745,1.843,1.654,1.651,1.571,30.44,,0
2000-07-17,1.435,1.749,1.708,1.826,1.61,1.62,1.521,30.65,,0
2000-07-24,1.424,1.728,1.687,1.807,1.591,1.59,1.499,28.02,,0
2000-07-31,1.408,1.699,1.641,1.78,1.541,1.553,1.447,28.5,,0
2000-08-07,1.41,1.686,1.627,1.77,1.532,1.54,1.437,30.14,,0
2000-08-14,1.447,1.682,1.607,1.763,1.511,1.536,1.42,31.82,,0
2000-08-21,1.471,1.679,1.626,1.759,1.534,1.54,1.444,32.46,,0
2000-08-28,1.536,1.697,1.635,1.771,1.544,1.555,1.456,33.08,,0
2000-09-04,1.609,1.743,1.674,1.808,1.586,1.605,1.502,34.42,,0
2000-09-11,1.629,1.773,1.704,1.837,1.615,1.632,1.535,34.7,,0
2000-09-18,1.653,1.765,1.706,1.827,1.619,1.624,1.539,35.49,,0
2000-09-25,1.657,1.761,1.698,1.825,1.607,1.615,1.525,31.13,,0
2000-10-02,1.625,1.754,1.674,1.817,1.58,1.601,1.498,31.27,,0
2000-10-09,1.614,1.742,1.649,1.806,1.554,1.589,1.473,33.9,,0
2000-10-16,1.67,1.746,1.691,1.811,1.6,1.603,1.516,33.48,,0
2000-10-23,1.648,1.74,1.7,1.806,1.614,1.599,1.532,33.92,,0
2000-10-30,1.629,1.743,1.696,1.811,1.608,1.606,1.523,32.78,,0
2000-11-06,1.61,1.735,1.679,1.804,1.586,1.594,1.502,33.46,,0
2000-11-13,1.603,1.727,1.677,1.792,1.587,1.587,1.501,35.0,,0
2000-11-20,1.627,1.719,1.664,1.786,1.573,1.579,1.487,35.91,,0
2000-11-27,1.645,1.708,1.666,1.779,1.575,1.571,1.489,34.1,,0
2000-12-04,1.622,1.695,1.643,1.764,1.55,1.55,1.464,29.69,,0
2000-12-11,1.577,1.672,1.608,1.743,1.514,1.524,1.425,29.05,,0
2000-12-18,1.545,1.647,1.579,1.727,1.485,1.499,1.396,27.38,,0
2000-12-25,1.515,1.633,1.566,1.711,1.467,1.491,1.388,26.52,,0
2001-01-01,1.522,1.628,1.559,1.704,1.467,1.489,1.377,27.8,,0
2001-01-08,1.52,1.628,1.581,1.696,1.492,1.492,1.4,28.81,,0
2001-01-15,1.509,1.631,1.639,1.71,1.546,1.511,1.458,30.63,,0
2001-01-22,1.528,1.627,1.64,1.708,1.543,1.509,1.456,31.35,,0
2001-01-29,1.539,1.616,1.628,1.697,1.533,1.497,1.446,29.59,,0
2001-02-05,1.52,1.617,1.611,1.696,1.517,1.489,1.426,30.92,,0
2001-02-12,1.518,1.64,1.639,1.714,1.547,1.514,1.46,29.67,,0
2001-02-19,1.48,1.641,1.611,1.713,1.517,1.507,1.429,28.65,,0
2001-02-26,1.451,1.631,1.594,1.703,1.498,1.491,1.41,27.91,,0
2001-03-05,1.42,1.633,1.578,1.701,1.482,1.489,1.393,28.45,,0
2001-03-12,1.406,1.632,1.569,1.699,1.477,1.485,1.387,27.02,,0
2001-03-19,1.392,1.628,1.558,1.695,1.464,1.482,1.377,26.42,,0
2001-03-26,1.379,1.621,1.56,1.686,1.468,1.475,1.379,26.86,,0
2001-04-02,1.391,1.656,1.591,1.718,1.502,1.518,1.411,26.76,,0
2001-04-09,1.397,1.702,1.651,1.763,1.562,1.575,1.469,28.27,,0
2001-04-16,1.437,1.736,1.718,1.817,1.625,1.631,1.535,27.89,,0
2001-04-23,1.443,1.792,1.766,1.873,1.676,1.696,1.586,26.99,,0
2001-04-30,1.442,1.823,1.765,1.907,1.671,1.724,1.585,28.36,,0
2001-05-07,1.47,1.889,1.826,1.965,1.738,1.794,1.659,28.12,,0
2001-05-14,1.491,1.918,1.824,1.995,1.735,1.821,1.663,29.08,,0
2001-05-21,1.494,1.903,1.805,1.981,1.715,1.802,1.637,28.92,,0
2001-05-28,1.529,1.91,1.819,1.991,1.73,1.807,1.656,28.44,,0
2001-06-04,1.514,1.893,1.794,1.972,1.703,1.79,1.63,27.98,,0
2001-06-11,1.486,1.897,1.754,1.968,1.66,1.783,1.58,28.9,,0
2001-06-18,1.48,1.869,1.71,1.942,1.611,1.75,1.526,27.09,,0
2001-06-25,1.447,1.833,1.645,1.907,1.546,1.708,1.454,26.37,,0
2001-07-02,1.407,1.784,1.582,1.855,1.482,1.654,1.384,26.87,,0
2001-07-09,1.392,1.746,1.544,1.821,1.448,1.613,1.35,27.07,,0
2001-07-16,1.38,1.71,1.525,1.786,1.428,1.579,1.33,25.26,,0
2001-07-23,1.348,1.677,1.505,1.761,1.408,1.55,1.318,26.5,,0
2001-07-30,1.347,1.641,1.503,1.725,1.406,1.514,1.319,27.1,,0
2001-08-06,1.345,1.611,1.501,1.696,1.406,1.49,1.319,27.87,,0
2001-08-13,1.367,1.596,1.524,1.684,1.43,1.482,1.347,27.52,,0
2001-08-20,1.394,1.591,1.57,1.677,1.476,1.485,1.399,27.25,,0
2001-08-27,1.452,1.604,1.626,1.686,1.538,1.505,1.48,26.84,,0
2001-09-03,1.488,1.659,1.683,1.728,1.599,1.559,1.538,27.38,,0
2001-09-10,1.492,1.661,1.662,1.731,1.575,1.559,1.511,28.22,,0
2001-09-17,1.527,1.658,1.668,1.727,1.58,1.554,1.516,27.09,,0
2001-09-24,1.473,1.641,1.622,1.711,1.532,1.534,1.46,22.35,,0
2001-10-01,1.39,1.596,1.549,1.669,1.455,1.487,1.381,22.6,,0
2001-10-08,1.371,1.548,1.486,1.623,1.39,1.438,1.31,22.66,,0
2001-10-15,1.353,1.512,1.447,1.585,1.349,1.401,1.264,21.92,,0
2001-10-22,1.318,1.467,1.402,1.544,1.306,1.355,1.221,21.78,,0
2001-10-29,1.31,1.432,1.376,1.509,1.278,1.319,1.193,21.17,,0
2001-11-05,1.291,1.394,1.353,1.474,1.256,1.28,1.17,20.7,,0
2001-11-12,1.269,1.365,1.328,1.442,1.233,1.253,1.147,19.61,,0
2001-11-19,1.252,1.333,1.317,1.412,1.222,1.222,1.14,18.28,,0
2001-11-26,1.223,1.295,1.277,1.376,1.18,1.186,1.097,19.13,,0
2001-12-03,1.194,1.264,1.263,1.344,1.167,1.156,1.084,19.47,,0
2001-12-10,1.173,1.239,1.257,1.322,1.161,1.134,1.075,18.45,,0
2001-12-17,1.143,1.201,1.229,1.286,1.13,1.093,1.042,19.2,,0
2001-12-24,1.154,1.192,1.245,1.279,1.151,1.088,1.063,20.94,,0
2001-12-31,1.169,1.196,1.275,1.282,1.182,1.097,1.096,20.8,,0
2002-01-07,1.168,1.217,1.289,1.301,1.194,1.117,1.109,20.54,,0
2002-01-14,1.159,1.236,1.287,1.32,1.185,1.134,1.099,18.61,,0
2002-01-21,1.14,1.244,1.27,1.325,1.175,1.141,1.087,19.21,,0
2002-01-28,1.144,1.246,1.264,1.325,1.167,1.142,1.081,19.71,,0
2002-02-04,1.144,1.258,1.278,1.333,1.184,1.154,1.098,19.97,,0
2002-02-11,1.153,1.258,1.269,1.333,1.172,1.152,1.085,21.18,,0
2002-02-18,1.156,1.277,1.272,1.352,1.175,1.169,1.089,20.7,,0
2002-02-25,1.154,1.285,1.27,1.359,1.172,1.174,1.087,21.43,,0
2002-03-04,1.173,1.304,1.299,1.377,1.204,1.196,1.118,23.31,,0
2002-03-11,1.216,1.39,1.368,1.453,1.277,1.279,1.194,24.4,,0
2002-03-18,1.251,1.451,1.439,1.516,1.346,1.341,1.262,25.25,,0
2002-03-25,1.281,1.515,1.486,1.579,1.393,1.41,1.308,25.86,,0
2002-04-01,1.295,1.545,1.522,1.613,1.428,1.436,1.339,26.99,,0
2002-04-08,1.323,1.582,1.564,1.651,1.472,1.476,1.382,25.24,,0
2002-04-15,1.32,1.588,1.555,1.659,1.457,1.478,1.368,25.54,,0
2002-04-22,1.304,1.589,1.553,1.661,1.457,1.478,1.367,26.46,,0
2002-04-29,1.302,1.584,1.54,1.659,1.44,1.475,1.353,26.88,,0
2002-05-06,1.305,1.582,1.542,1.658,1.446,1.474,1.356,27.27,,0
2002-05-13,1.299,1.578,1.535,1.655,1.439,1.467,1.349,28.43,,0
2002-05-20,1.309,1.579,1.543,1.657,1.449,1.473,1.36,27.18,,0
2002-05-27,1.308,1.572,1.536,1.65,1.438,1.465,1.348,25.22,,0
2002-06-03,1.3,1.574,1.536,1.65,1.442,1.469,1.353,25.01,,0
2002-06-10,1.286,1.566,1.518,1.642,1.42,1.462,1.332,24.94,,0
2002-06-17,1.275,1.573,1.518,1.646,1.423,1.464,1.335,25.61,,0
2002-06-24,1.281,1.579,1.523,1.65,1.428,1.468,1.342,26.52,,0
2002-07-01,1.289,1.574,1.538,1.644,1.444,1.461,1.357,26.81,,0
2002-07-08,1.294,1.569,1.527,1.641,1.431,1.456,1.345,26.7,,0
2002-07-15,1.3,1.573,1.538,1.644,1.444,1.461,1.361,27.62,,0
2002-07-22,1.311,1.578,1.559,1.653,1.465,1.469,1.381,26.64,,0
2002-07-29,1.303,1.577,1.553,1.654,1.459,1.468,1.376,26.87,,0
2002-08-05,1.304,1.584,1.538,1.662,1.443,1.475,1.355,26.77,,0
2002-08-12,1.303,1.579,1.538,1.658,1.441,1.468,1.355,28.52,,0
2002-08-19,1.333,1.574,1.54,1.652,1.443,1.462,1.357,30.09,,0
2002-08-26,1.37,1.59,1.546,1.668,1.45,1.479,1.365,28.84,,0
2002-09-02,1.388,1.586,1.536,1.665,1.438,1.476,1.353,28.65,,0
2002-09-09,1.396,1.585,1.539,1.662,1.441,1.475,1.355,29.59,,0
2002-09-16,1.414,1.58,1.549,1.658,1.452,1.469,1.367,29.39,,0
2002-09-23,1.417,1.579,1.541,1.658,1.441,1.472,1.357,30.63,,0
2002-09-30,1.438,1.579,1.568,1.658,1.471,1.47,1.385,30.25,,0
2002-10-07,1.46,1.587,1.598,1.669,1.502,1.484,1.416,29.37,,0
2002-10-14,1.461,1.581,1.603,1.665,1.507,1.478,1.422,29.65,,0
2002-10-21,1.469,1.59,1.622,1.671,1.527,1.489,1.443,27.88,,0
2002-10-28,1.456,1.583,1.609,1.668,1.51,1.48,1.427,27.03,,0
2002-11-04,1.442,1.596,1.608,1.676,1.513,1.489,1.427,25.97,,0
2002-11-11,1.427,1.612,1.588,1.693,1.489,1.505,1.406,25.68,,0
2002-11-18,1.405,1.594,1.556,1.679,1.456,1.486,1.37,26.98,,0
2002-11-25,1.405,1.579,1.524,1.665,1.423,1.468,1.336,26.83,,0
2002-12-02,1.407,1.575,1.509,1.66,1.405,1.459,1.316,27.14,,0
2002-12-09,1.405,1.563,1.506,1.651,1.405,1.448,1.316,27.82,,0
2002-12-16,1.401,1.56,1.51,1.648,1.411,1.446,1.322,30.35,,0
2002-12-23,1.44,1.569,1.557,1.658,1.459,1.46,1.371,32.38,,0
2002-12-30,1.491,1.598,1.602,1.683,1.506,1.491,1.417,31.96,,0
2003-01-06,1.501,1.616,1.603,1.704,1.502,1.507,1.412,31.54,,0
2003-01-13,1.478,1.625,1.61,1.71,1.512,1.516,1.423,33.04,,0
2003-01-20,1.48,1.643,1.612,1.724,1.512,1.534,1.422,34.46,,0
2003-01-27,1.492,1.653,1.624,1.733,1.525,1.544,1.437,33.19,,0
2003-02-03,1.542,1.69,1.683,1.769,1.588,1.585,1.499,33.95,,0
2003-02-10,1.662,1.765,1.769,1.844,1.673,1.656,1.582,35.79,,0
2003-02-17,1.704,1.83,1.809,1.903,1.716,1.722,1.63,36.78,,0
2003-02-24,1.709,1.852,1.797,1.921,1.7,1.741,1.617,36.98,,0
2003-03-03,1.753,1.893,1.819,1.952,1.725,1.778,1.641,36.98,,0
2003-03-10,1.771,1.927,1.839,1.982,1.748,1.812,1.663,36.66,,0
2003-03-17,1.752,1.956,1.852,2.009,1.758,1.838,1.673,30.46,,0
2003-03-24,1.662,1.943,1.808,1.997,1.712,1.82,1.626,30.43,,0
2003-03-31,1.602,1.92,1.766,1.977,1.666,1.795,1.577,29.33,,0
2003-04-07,1.554,1.907,1.743,1.96,1.645,1.778,1.557,28.03,,0
2003-04-14,1.539,1.876,1.71,1.934,1.611,1.747,1.521,29.28,,0
2003-04-21,1.529,1.842,1.691,1.904,1.593,1.718,1.504,28.43,,0
2003-04-28,1.508,1.824,1.673,1.888,1.574,1.701,1.486,25.69,,0
2003-05-05,1.484,1.782,1.629,1.848,1.528,1.659,1.441,26.58,,0
2003-05-12,1.444,1.743,1.612,1.813,1.514,1.62,1.427,28.54,,0
2003-05-19,1.443,1.725,1.621,1.797,1.524,1.607,1.444,29.29,,0
2003-05-26,1.434,1.699,1.618,1.772,1.517,1.584,1.439,29.1,,0
2003-06-02,1.423,1.68,1.605,1.754,1.507,1.564,1.428,30.68,,0
2003-06-09,1.422,1.671,1.626,1.745,1.534,1.56,1.456,31.46,,0
2003-06-16,1.432,1.71,1.654,1.776,1.561,1.598,1.48,30.6,,0
2003-06-23,1.423,1.707,1.63,1.769,1.532,1.591,1.451,30.01,,0
2003-06-30,1.42,1.697,1.622,1.761,1.525,1.58,1.443,30.31,,0
2003-07-07,1.428,1.693,1.626,1.757,1.529,1.577,1.448,30.73,,0
2003-07-14,1.435,1.704,1.67,1.772,1.573,1.589,1.489,31.48,,0
2003-07-21,1.439,1.697,1.677,1.771,1.582,1.584,1.496,30.61,,0
2003-07-28,1.438,1.688,1.67,1.762,1.574,1.574,1.488,30.73,,0
2003-08-04,1.453,1.691,1.69,1.765,1.596,1.579,1.516,32.11,,0
2003-08-11,1.492,1.723,1.725,1.796,1.632,1.614,1.55,31.31,,0
2003-08-18,1.498,1.81,1.769,1.873,1.676,1.699,1.594,31.19,,0
2003-08-25,1.503,1.971,1.867,2.032,1.775,1.859,1.693,31.56,,0
2003-09-01,1.501,1.984,1.858,2.047,1.767,1.868,1.688,29.2,,0
2003-09-08,1.488,1.969,1.828,2.032,1.733,1.851,1.653,28.92,,0
2003-09-15,1.471,1.938,1.814,2.004,1.721,1.824,1.636,27.39,,0
2003-09-22,1.444,1.893,1.761,1.968,1.664,1.776,1.58,27.73,,0
2003-09-29,1.429,1.849,1.713,1.926,1.613,1.732,1.524,29.43,,0
2003-10-06,1.445,1.82,1.697,1.899,1.599,1.704,1.511,30.69,,0
2003-10-13,1.483,1.793,1.696,1.874,1.597,1.68,1.515,31.49,,0
2003-10-20,1.502,1.774,1.703,1.857,1.607,1.662,1.527,30.17,,0
2003-10-27,1.495,1.747,1.676,1.832,1.579,1.634,1.499,29.28,,0
2003-11-03,1.481,1.733,1.672,1.818,1.577,1.62,1.494,29.79,,0
2003-11-10,1.476,1.704,1.643,1.789,1.547,1.59,1.464,31.56,,0
2003-11-17,1.481,1.69,1.642,1.776,1.544,1.577,1.459,32.58,,0
2003-11-24,1.491,1.695,1.66,1.778,1.563,1.584,1.478,30.11,,0
2003-12-01,1.476,1.68,1.639,1.764,1.54,1.567,1.454,30.63,,0
2003-12-08,1.481,1.662,1.628,1.747,1.528,1.549,1.441,32.16,,0
2003-12-15,1.486,1.645,1.622,1.732,1.521,1.532,1.433,33.2,,0
2003-12-22,1.504,1.649,1.647,1.737,1.549,1.538,1.459,32.24,,0
2003-12-29,1.502,1.639,1.645,1.727,1.544,1.527,1.454,32.68,,0
2004-01-05,1.503,1.659,1.677,1.744,1.578,1.547,1.492,33.89,,0
2004-01-12,1.551,1.703,1.733,1.787,1.634,1.594,1.544,34.51,,0
2004-01-19,1.559,1.735,1.767,1.819,1.667,1.628,1.579,35.45,,0
2004-01-26,1.591,1.766,1.793,1.85,1.691,1.661,1.604,33.61,,0
2004-02-02,1.581,1.779,1.783,1.862,1.679,1.67,1.591,33.41,,0
2004-02-09,1.568,1.809,1.797,1.887,1.695,1.7,1.609,33.88,,0
2004-02-16,1.584,1.824,1.804,1.895,1.703,1.714,1.617,35.54,,0
2004-02-23,1.595,1.901,1.827,1.96,1.726,1.786,1.641,36.08,,0
2004-03-01,1.619,1.945,1.848,2.001,1.749,1.826,1.664,36.67,,0
2004-03-08,1.628,1.957,1.875,2.018,1.777,1.838,1.69,36.44,,0
2004-03-15,1.617,1.949,1.86,2.008,1.762,1.828,1.675,37.78,,0
2004-03-22,1.641,1.956,1.884,2.017,1.784,1.838,1.698,36.65,,0
2004-03-29,1.642,1.963,1.901,2.024,1.802,1.847,1.716,35.23,,0
2004-04-05,1.648,1.989,1.919,2.047,1.823,1.871,1.737,35.7,,0
2004-04-12,1.679,2.001,1.921,2.057,1.826,1.883,1.74,37.39,,0
2004-04-19,1.724,2.011,1.949,2.069,1.856,1.899,1.773,37.32,,0
2004-04-26,1.718,2.005,1.952,2.066,1.859,1.891,1.774,37.31,,0
2004-05-03,1.717,2.024,1.985,2.089,1.892,1.913,1.811,39.24,,0
2004-05-10,1.745,2.128,2.07,2.188,1.981,2.017,1.904,40.37,,0
2004-05-17,1.763,2.201,2.147,2.267,2.056,2.095,1.979,40.84,,0
2004-05-24,1.761,2.253,2.199,2.322,2.104,2.145,2.026,40.65,,0
2004-05-31,1.746,2.262,2.181,2.332,2.084,2.15,2.004,40.01,,0
2004-06-07,1.734,2.253,2.163,2.324,2.064,2.14,1.983,37.99,,0
2004-06-14,1.711,2.227,2.114,2.298,2.014,2.11,1.926,37.86,,0
2004-06-21,1.7,2.189,2.064,2.265,1.961,2.072,1.873,37.7,,0
2004-06-28,1.7,2.163,2.051,2.24,1.947,2.049,1.859,37.14,,0
2004-07-05,1.716,2.136,2.025,2.215,1.922,2.02,1.835,39.73,,0
2004-07-12,1.74,2.134,2.052,2.213,1.951,2.017,1.869,40.33,,0
2004-07-19,1.744,2.13,2.07,2.208,1.971,2.014,1.888,41.27,,0
2004-07-26,1.754,2.109,2.048,2.189,1.948,1.996,1.861,42.5,,0
2004-08-02,1.78,2.089,2.029,2.168,1.931,1.975,1.846,43.81,,0
2004-08-09,1.814,2.072,2.022,2.154,1.923,1.957,1.839,45.24,,0
2004-08-16,1.825,2.056,2.023,2.139,1.925,1.945,1.842,47.28,,0
2004-08-23,1.874,2.059,2.033,2.142,1.936,1.947,1.854,44.34,,0
2004-08-30,1.871,2.067,2.01,2.142,1.911,1.949,1.827,43.28,,0
2004-09-06,1.869,2.043,2.0,2.121,1.901,1.924,1.815,43.33,,0
2004-09-13,1.874,2.03,1.998,2.11,1.9,1.915,1.813,44.39,,0
2004-09-20,1.912,2.036,2.023,2.112,1.923,1.922,1.839,47.82,,0
2004-09-27,2.012,2.076,2.077,2.151,1.979,1.963,1.895,49.71,,0
2004-10-04,2.053,2.127,2.087,2.195,1.987,2.012,1.902,51.77,,0
2004-10-11,2.092,2.2,2.134,2.263,2.035,2.086,1.949,54.12,,0
2004-10-18,2.18,2.256,2.17,2.32,2.07,2.142,1.984,54.43,,0
2004-10-25,2.212,2.258,2.169,2.317,2.068,2.14,1.98,53.43,,0
2004-11-01,2.206,2.252,2.173,2.314,2.074,2.133,1.986,49.81,,0
2004-11-08,2.163,2.226,2.144,2.292,2.042,2.107,1.951,48.0,,0
2004-11-15,2.132,2.197,2.114,2.267,2.013,2.077,1.918,47.02,,0
2004-11-22,2.116,2.165,2.097,2.238,1.993,2.046,1.901,48.79,,0
2004-11-29,2.116,2.149,2.099,2.221,1.994,2.031,1.903,46.06,,0
2004-12-06,2.069,2.12,2.065,2.196,1.96,2.002,1.868,41.91,,0
2004-12-13,1.997,2.069,2.002,2.148,1.893,1.948,1.799,43.5,,0
2004-12-20,1.984,2.014,1.978,2.099,1.873,1.894,1.777,44.39,,0
2004-12-27,1.987,1.988,1.958,2.073,1.851,1.869,1.754,42.52,,0
2005-01-03,1.957,1.965,1.948,2.055,1.839,1.848,1.745,44.07,,0
2005-01-10,1.934,1.952,1.968,2.041,1.862,1.838,1.771,46.79,,0
2005-01-17,1.952,1.965,1.997,2.056,1.893,1.854,1.802,47.85,,0
2005-01-24,1.959,1.991,2.03,2.078,1.929,1.882,1.839,48.56,,0
2005-01-31,1.992,2.052,2.087,2.133,1.982,1.941,1.896,46.97,,0
2005-02-07,1.983,2.06,2.082,2.14,1.978,1.949,1.89,46.08,,0
2005-02-14,1.986,2.062,2.065,2.139,1.96,1.949,1.873,47.82,,0
2005-02-21,2.02,2.079,2.069,2.146,1.966,1.961,1.878,51.75,,0
2005-02-28,2.118,2.094,2.088,2.16,1.989,1.978,1.904,52.74,,0
2005-03-07,2.168,2.153,2.162,2.221,2.063,2.041,1.979,54.22,,0
2005-03-14,2.194,2.206,2.224,2.273,2.123,2.094,2.039,55.93,,0
2005-03-21,2.244,2.245,2.281,2.313,2.177,2.138,2.095,52.95,,0
2005-03-28,2.249,2.297,2.322,2.362,2.225,2.186,2.137,54.97,,0
2005-04-04,2.303,2.37,2.384,2.43,2.284,2.26,2.196,55.24,,0
2005-04-11,2.316,2.455,2.436,2.515,2.337,2.34,2.251,51.44,,0
2005-04-18,2.259,2.438,2.388,2.498,2.288,2.319,2.198,52.39,,0
2005-04-25,2.289,2.437,2.386,2.499,2.285,2.319,2.197,52.0,,0
2005-05-02,2.262,2.44,2.381,2.506,2.278,2.326,2.191,50.64,,0
2005-05-09,2.227,2.407,2.336,2.476,2.23,2.29,2.137,50.33,,0
2005-05-16,2.189,2.377,2.306,2.45,2.202,2.262,2.116,47.77,,0
2005-05-23,2.156,2.344,2.27,2.418,2.165,2.226,2.077,50.15,,0
2005-05-30,2.16,2.311,2.245,2.388,2.14,2.192,2.051,53.76,,0
2005-06-06,2.234,2.308,2.267,2.388,2.165,2.195,2.078,53.74,,0
2005-06-13,2.276,2.308,2.288,2.389,2.186,2.196,2.099,56.18,,0
2005-06-20,2.313,2.342,2.314,2.425,2.213,2.232,2.128,59.04,,0
2005-06-27,2.336,2.386,2.369,2.465,2.266,2.278,2.186,58.21,,0
2005-07-04,2.348,2.413,2.374,2.49,2.273,2.304,2.189,60.36,,0
2005-07-11,2.408,2.51,2.476,2.593,2.373,2.402,2.292,59.18,,0
2005-07-18,2.392,2.519,2.46,2.606,2.354,2.411,2.272,57.3,,0
2005-07-25,2.342,2.516,2.429,2.598,2.323,2.403,2.235,59.39,,0
2005-08-01,2.348,2.514,2.433,2.597,2.324,2.402,2.239,61.64,,0
2005-08-08,2.407,2.571,2.512,2.65,2.404,2.461,2.323,64.85,,0
2005-08-15,2.567,2.718,2.711,2.8,2.603,2.613,2.519,64.92,,0
2005-08-22,2.588,2.778,2.77,2.862,2.666,2.674,2.583,66.34,,0
2005-08-29,2.59,2.781,2.768,2.863,2.665,2.672,2.581,68.47,,0
2005-09-05,2.898,3.236,3.248,3.353,3.138,3.137,3.037,64.81,,0
2005-09-12,2.847,3.151,3.121,3.265,3.003,3.045,2.912,63.84,,0
2005-09-19,2.732,3.018,2.947,3.123,2.831,2.904,2.73,66.43,,0
2005-09-26,2.798,2.995,2.978,3.092,2.865,2.878,2.767,66.06,,0
2005-10-03,3.144,3.052,3.135,3.147,3.023,2.941,2.922,63.06,,0
2005-10-10,3.15,3.004,3.046,3.097,2.936,2.889,2.828,62.87,,0
2005-10-17,3.148,2.909,2.92,2.998,2.801,2.794,2.693,62.28,,0
2005-10-24,3.157,2.8,2.787,2.886,2.672,2.683,2.564,61.33,,0
2005-10-31,2.876,2.683,2.66,2.767,2.542,2.567,2.438,60.34,,0
2005-11-07,2.698,2.58,2.552,2.66,2.436,2.461,2.336,58.8,,0
2005-11-14,2.602,2.493,2.469,2.571,2.355,2.375,2.258,57.0,,0
2005-11-21,2.513,2.391,2.373,2.473,2.263,2.27,2.168,58.13,,0
2005-11-28,2.479,2.338,2.325,2.418,2.217,2.218,2.124,57.78,,0
2005-12-05,2.425,2.306,2.322,2.387,2.214,2.19,2.127,59.83,,0
2005-12-12,2.436,2.314,2.369,2.404,2.265,2.204,2.175,60.32,,0
2005-12-19,2.462,2.33,2.4,2.426,2.296,2.224,2.205,57.97,,0
2005-12-26,2.448,2.32,2.386,2.417,2.278,2.216,2.188,59.82,,0
2006-01-02,2.442,2.344,2.432,2.446,2.321,2.242,2.236,63.39,100.54468,0
2006-01-09,2.485,2.442,2.524,2.542,2.41,2.341,2.321,63.74,100.04516,0
2006-01-16,2.449,2.476,2.51,2.571,2.392,2.368,2.297,66.79,100.14252,0
2006-01-23,2.472,2.489,2.526,2.586,2.409,2.382,2.314,66.82,99.43856,0
2006-01-30,2.489,2.521,2.538,2.612,2.422,2.409,2.332,66.59,99.73366,0
2006-02-06,2.499,2.524,2.517,2.609,2.404,2.41,2.31,63.06,100.26694,0
2006-02-13,2.476,2.482,2.455,2.566,2.344,2.364,2.246,59.37,100.42036,0
2006-02-20,2.455,2.43,2.409,2.512,2.301,2.312,2.205,59.93,100.28443999999999,0
2006-02-27,2.471,2.406,2.429,2.488,2.323,2.293,2.236,62.27,99.79534,0
2006-03-06,2.545,2.459,2.509,2.539,2.407,2.353,2.321,60.89,100.62646,0
2006-03-13,2.543,2.5,2.545,2.577,2.44,2.389,2.355,62.64,100.22934000000001,0
2006-03-20,2.581,2.632,2.694,2.712,2.586,2.523,2.495,61.36,100.52392,0
2006-03-27,2.565,2.649,2.679,2.726,2.57,2.537,2.479,65.67,100.76252,0
2006-04-03,2.617,2.738,2.767,2.817,2.656,2.63,2.567,66.56,100.2816,0
2006-04-10,2.654,2.83,2.868,2.911,2.756,2.724,2.663,68.85,100.40078,0
2006-04-17,2.765,2.93,2.971,3.014,2.853,2.824,2.764,71.87,99.56504,0
2006-04-24,2.876,3.095,3.085,3.188,2.972,2.984,2.881,70.38,98.7265,0
2006-05-01,2.896,3.151,3.073,3.233,2.961,3.03,2.866,72.14,97.57382,0
2006-05-08,2.897,3.193,3.036,3.266,2.926,3.067,2.834,71.5,96.8417,0
2006-05-15,2.92,3.229,3.065,3.304,2.956,3.107,2.871,69.07,97.5327,0
2006-05-22,2.888,3.208,2.998,3.285,2.889,3.082,2.801,70.35,97.95552,0
2006-05-29,2.882,3.166,2.977,3.245,2.871,3.042,2.784,71.53,97.71582,0
2006-06-05,2.89,3.183,3.005,3.262,2.898,3.062,2.811,71.54,98.2311,0
2006-06-12,2.918,3.179,3.026,3.262,2.921,3.06,2.833,69.48,98.82012,0
2006-06-19,2.915,3.156,2.989,3.241,2.884,3.034,2.793,69.94,99.04366,0
2006-06-26,2.867,3.141,2.987,3.231,2.885,3.02,2.796,72.65,99.0877,0
2006-07-03,2.898,3.177,3.063,3.264,2.961,3.063,2.873,74.65,98.0512,0
2006-07-10,2.918,3.218,3.095,3.307,2.997,3.106,2.91,75.21,98.39088000000001,0
2006-07-17,2.926,3.231,3.116,3.318,3.016,3.116,2.928,73.98,98.8521,0
2006-07-24,2.946,3.228,3.145,3.317,3.043,3.112,2.95,73.87,98.5485,0
2006-07-31,2.98,3.223,3.155,3.316,3.046,3.107,2.955,75.2,97.95684,0
2006-08-07,3.055,3.227,3.2,3.321,3.091,3.109,3.004,75.63,97.65527999999999,0
2006-08-14,3.065,3.215,3.157,3.31,3.047,3.089,2.958,71.79,97.65353999999999,0
2006-08-21,3.033,3.152,3.078,3.244,2.968,3.021,2.877,72.12,97.64864,0
2006-08-28,3.027,3.073,3.008,3.168,2.891,2.94,2.8,70.01,97.67062,0
2006-09-04,2.967,2.966,2.896,3.056,2.777,2.828,2.68,67.53,97.71374,0
2006-09-11,2.857,2.873,2.788,2.957,2.669,2.734,2.563,63.98,98.21186,0
2006-09-18,2.713,2.756,2.668,2.843,2.545,2.616,2.441,61.4,98.05432,0
2006-09-25,2.595,2.64,2.542,2.722,2.425,2.499,2.32,61.94,98.04012,0
2006-10-02,2.546,2.55,2.478,2.631,2.362,2.409,2.263,59.77,98.25182,0
2006-10-09,2.506,2.483,2.433,2.563,2.316,2.345,2.222,58.58,98.8057,0
2006-10-16,2.503,2.428,2.403,2.509,2.291,2.291,2.195,58.48,98.46288,0
2006-10-23,2.524,2.386,2.391,2.467,2.278,2.254,2.186,58.88,98.07701999999999,0
2006-10-30,2.517,2.376,2.406,2.459,2.294,2.247,2.204,58.55,97.56574,0
2006-11-06,2.506,2.354,2.39,2.438,2.281,2.222,2.189,59.96,97.55984,0
2006-11-13,2.552,2.397,2.417,2.474,2.308,2.266,2.216,57.56,97.83382,0
2006-11-20,2.553,2.416,2.418,2.494,2.31,2.283,2.218,57.24,97.6351,0
2006-11-27,2.567,2.427,2.423,2.508,2.314,2.298,2.221,62.02,96.7471,0
2006-12-04,2.618,2.46,2.479,2.545,2.368,2.338,2.277,62.32,96.37140000000001,0
2006-12-11,2.621,2.47,2.474,2.555,2.362,2.348,2.267,61.91,96.77727999999999,0
2006-12-18,2.606,2.505,2.494,2.589,2.382,2.382,2.29,62.4,96.9779,0
2006-12-25,2.596,2.541,2.508,2.624,2.396,2.421,2.303,60.66,97.12102,0
2007-01-01,2.58,2.54,2.505,2.624,2.392,2.414,2.296,57.76,97.3664,0
2007-01-08,2.537,2.534,2.473,2.614,2.357,2.406,2.258,54.11,97.97040000000001,0
2007-01-15,2.463,2.48,2.394,2.561,2.279,2.348,2.173,51.51,97.8336,0
2007-01-22,2.43,2.424,2.329,2.507,2.213,2.287,2.107,53.57,97.90708,0
2007-01-29,2.413,2.392,2.331,2.473,2.217,2.261,2.119,57.11,98.00129999999999,0
2007-02-05,2.435,2.407,2.35,2.481,2.244,2.275,2.151,58.99,97.77082,0
2007-02-12,2.476,2.463,2.395,2.531,2.292,2.332,2.198,58.41,97.44958,0
2007-02-19,2.491,2.52,2.446,2.585,2.339,2.39,2.251,59.57,97.23742,0
2007-02-26,2.551,2.608,2.533,2.67,2.426,2.477,2.338,61.64,97.25198,0
2007-03-05,2.626,2.726,2.667,2.786,2.549,2.599,2.46,60.85,97.53374,0
2007-03-12,2.685,2.817,2.704,2.873,2.589,2.686,2.499,57.94,97.21716,0
2007-03-19,2.681,2.849,2.714,2.905,2.605,2.716,2.511,58.26,96.69594,0
2007-03-26,2.676,2.887,2.74,2.945,2.628,2.755,2.54,64.18,96.4639,0
2007-04-02,2.79,2.986,2.838,3.048,2.725,2.855,2.636,64.82,96.28617999999999,0
2007-04-09,2.84,3.047,2.953,3.108,2.838,2.92,2.746,62.58,95.99022,0
2007-04-16,2.877,3.115,3.034,3.174,2.916,2.988,2.822,63.06,95.33766,0
2007-04-23,2.851,3.12,3.028,3.181,2.908,2.988,2.811,65.26,95.07388,0
2007-04-30,2.811,3.199,3.129,3.262,3.016,3.073,2.922,63.82,94.96078,0
2007-05-07,2.792,3.284,3.194,3.345,3.089,3.162,3.002,61.9,94.86072,0
2007-05-14,2.773,3.295,3.244,3.359,3.146,3.173,3.069,63.61,94.73792,0
2007-05-21,2.803,3.352,3.385,3.422,3.286,3.233,3.211,64.89,94.58766,0
2007-05-28,2.817,3.354,3.377,3.429,3.274,3.238,3.195,63.94,94.37034000000001,0
2007-06-04,2.799,3.328,3.323,3.405,3.218,3.208,3.132,65.9,94.24616,0
2007-06-11,2.792,3.277,3.241,3.355,3.138,3.151,3.04,66.62,94.7567,0
2007-06-18,2.805,3.209,3.182,3.297,3.068,3.083,2.974,68.78,94.45527999999999,0
2007-06-25,2.835,3.173,3.16,3.262,3.046,3.046,2.951,69.13,94.38408,0
2007-07-02,2.829,3.141,3.134,3.233,3.025,3.012,2.933,71.78,93.67374,0
2007-07-09,2.849,3.132,3.159,3.224,3.048,3.004,2.971,72.79,93.26556000000001,0
2007-07-16,2.889,3.177,3.229,3.267,3.125,3.055,3.046,74.92,92.81318,0
2007-07-23,2.889,3.131,3.138,3.225,3.026,3.001,2.938,75.15,92.9499,0
2007-07-30,2.886,3.069,3.065,3.164,2.944,2.934,2.849,76.75,93.3654,0
2007-08-06,2.898,3.027,3.031,3.12,2.912,2.885,2.816,71.92,93.29792,0
2007-08-13,2.847,2.948,2.969,3.044,2.845,2.813,2.752,72.05,94.27414,0
2007-08-20,2.868,2.922,2.985,3.021,2.867,2.791,2.783,70.19,94.05004,0
2007-08-27,2.863,2.866,2.96,2.968,2.843,2.734,2.756,72.93,93.7135,0
2007-09-03,2.893,2.876,3.008,2.975,2.897,2.749,2.818,75.96,93.51968,0
2007-09-10,2.924,2.901,3.03,2.994,2.918,2.773,2.84,78.95,92.82468,0
2007-09-17,2.964,2.91,3.003,2.999,2.882,2.776,2.792,82.26,92.10828000000001,0
2007-09-24,3.032,2.938,3.032,3.023,2.906,2.804,2.816,81.7,91.29374,0
2007-10-01,3.048,2.934,3.008,3.022,2.887,2.796,2.784,80.59,91.00128,0
2007-10-08,3.035,2.932,2.987,3.017,2.863,2.789,2.761,81.46,90.68178,0
2007-10-15,3.039,2.944,2.971,3.025,2.846,2.796,2.746,87.8,90.43516,0
2007-10-22,3.094,3.001,3.029,3.077,2.904,2.859,2.806,89.23,90.14742,0
2007-10-29,3.157,3.038,3.078,3.116,2.955,2.9,2.859,93.46,89.18622,0
2007-11-05,3.303,3.154,3.219,3.234,3.097,3.025,3.007,95.81,88.43332000000001,0
2007-11-12,3.425,3.265,3.314,3.345,3.195,3.13,3.101,93.56,89.05864,0
2007-11-19,3.41,3.281,3.297,3.362,3.17,3.144,3.077,97.93,89.33778,0
2007-11-26,3.444,3.287,3.292,3.369,3.168,3.149,3.072,92.47,89.3924,0
2007-12-03,3.416,3.267,3.259,3.354,3.131,3.128,3.029,88.71,89.76988,0
2007-12-10,3.325,3.228,3.194,3.318,3.065,3.091,2.957,91.18,89.9411,0
2007-12-17,3.309,3.212,3.194,3.303,3.066,3.075,2.962,91.16,90.50958,0
2007-12-24,3.308,3.199,3.172,3.29,3.047,3.059,2.943,95.64,89.87418,0
2007-12-31,3.345,3.24,3.257,3.33,3.129,3.106,3.028,98.17,89.41784,0
2008-01-07,3.376,3.285,3.313,3.375,3.187,3.154,3.088,94.76,89.54728,0
2008-01-14,3.326,3.257,3.272,3.35,3.147,3.123,3.041,91.51,89.52964,0
2008-01-21,3.27,3.212,3.227,3.309,3.097,3.072,2.991,89.41,89.62034,0
2008-01-28,3.259,3.162,3.194,3.261,3.063,3.026,2.953,91.14,88.7342,0
2008-02-04,3.28,3.141,3.196,3.242,3.069,3.002,2.966,89.08,89.03963999999999,0
2008-02-11,3.28,3.123,3.173,3.223,3.049,2.986,2.947,94.13,89.02262,0
2008-02-18,3.396,3.188,3.259,3.28,3.136,3.056,3.035,99.61,88.90888,0
2008-02-25,3.552,3.29,3.341,3.379,3.218,3.159,3.115,100.84,87.63482,0
2008-03-03,3.658,3.351,3.362,3.43,3.239,3.216,3.137,103.44,87.14259999999999,0
2008-03-10,3.819,3.412,3.42,3.487,3.294,3.277,3.2,109.35,86.77374,0
2008-03-17,3.974,3.473,3.476,3.545,3.359,3.34,3.257,105.28,86.71534,0
2008-03-24,3.989,3.469,3.454,3.544,3.33,3.333,3.224,104.49,86.75814,0
2008-03-31,3.964,3.491,3.484,3.563,3.361,3.355,3.259,103.46,86.7515,0
2008-04-07,3.955,3.536,3.522,3.602,3.396,3.403,3.299,109.71,86.58646,0
2008-04-14,4.059,3.604,3.574,3.669,3.45,3.469,3.35,114.33,86.27176,0
2008-04-21,4.143,3.722,3.693,3.795,3.569,3.595,3.467,118.53,86.43162,0
2008-04-28,4.177,3.807,3.797,3.888,3.668,3.681,3.566,115.42,86.9786,0
2008-05-05,4.149,3.825,3.804,3.911,3.673,3.699,3.571,123.01,87.1926,0
2008-05-12,4.331,3.904,3.919,3.992,3.791,3.781,3.694,124.96,87.10144,0
2008-05-19,4.497,3.97,3.991,4.066,3.86,3.851,3.762,130.14,86.41184000000001,0
2008-05-26,4.723,4.11,4.136,4.201,4.011,3.989,3.913,128.47,86.4486,0
2008-06-02,4.707,4.191,4.161,4.276,4.032,4.066,3.932,128.16,86.89349999999999,0
2008-06-09,4.692,4.297,4.21,4.372,4.077,4.165,3.979,134.8,87.39338000000001,0
2008-06-16,4.692,4.382,4.242,4.448,4.105,4.24,4.007,134.34,87.15474,0
2008-06-23,4.648,4.384,4.236,4.453,4.101,4.241,4.002,137.0,86.91174,0
2008-06-30,4.645,4.38,4.259,4.45,4.121,4.238,4.027,142.52,86.76948,0
2008-07-07,4.727,4.387,4.283,4.459,4.148,4.247,4.051,139.95,86.64124000000001,0
2008-07-14,4.764,4.374,4.283,4.449,4.153,4.235,4.054,135.37,85.98434,0
2008-07-21,4.718,4.337,4.242,4.416,4.109,4.19,4.005,125.92,86.25314,0
2008-07-28,4.603,4.23,4.145,4.317,4.005,4.077,3.896,124.57,86.75663999999999,0
2008-08-04,4.502,4.141,4.075,4.231,3.937,3.988,3.828,118.8,87.75134,0
2008-08-11,4.353,4.056,4.005,4.148,3.868,3.903,3.764,114.4,89.32791999999999,0
2008-08-18,4.207,3.971,3.935,4.06,3.805,3.813,3.706,115.7,89.41834,0
2008-08-25,4.145,3.898,3.886,3.989,3.758,3.736,3.66,116.09,89.70624000000001,0
2008-09-01,4.121,3.867,3.897,3.957,3.769,3.707,3.667,108.37,90.8511,0
2008-09-08,4.059,3.822,3.87,3.915,3.742,3.67,3.637,102.88,91.86598000000001,0
2008-09-15,4.023,3.898,4.115,3.995,3.973,3.766,3.867,97.19,91.72542000000001,0
2008-09-22,3.958,3.825,3.982,3.929,3.847,3.687,3.732,111.12,90.3693,0
2008-09-29,3.959,3.754,3.895,3.862,3.756,3.607,3.644,96.59,92.64099999999999,0
2008-10-06,3.875,3.636,3.752,3.735,3.609,3.482,3.485,86.24,96.42670000000001,0
2008-10-13,3.659,3.414,3.378,3.512,3.235,3.239,3.109,75.19,97.5042,0
2008-10-20,3.482,3.219,3.115,3.306,2.968,3.04,2.855,68.56,100.34982,0
2008-10-27,3.288,2.981,2.851,3.073,2.707,2.797,2.589,65.21,100.81696,0
2008-11-03,3.088,2.709,2.603,2.813,2.457,2.525,2.34,64.31,98.89126,0
2008-11-10,2.944,2.512,2.426,2.62,2.285,2.337,2.17,58.6,100.6266,0
2008-11-17,2.809,2.34,2.281,2.447,2.144,2.166,2.027,52.26,102.25648,0
2008-11-24,2.664,2.138,2.115,2.253,1.972,1.964,1.857,53.27,101.2923,0
2008-12-01,2.615,2.021,2.044,2.141,1.906,1.854,1.79,45.6,102.43006,0
2008-12-08,2.515,1.901,1.933,2.025,1.797,1.738,1.681,44.57,100.91554,0
2008-12-15,2.422,1.838,1.892,1.958,1.758,1.682,1.648,39.7,97.87447999999999,0
2008-12-22,2.366,1.852,1.875,1.965,1.744,1.692,1.635,32.98,98.23206,0
2008-12-29,2.327,1.823,1.831,1.929,1.702,1.662,1.59,42.4,98.39295,0
2009-01-05,2.291,1.861,1.902,1.96,1.769,1.711,1.672,44.46,98.59862000000001,0
2009-01-12,2.314,1.951,2.0,2.043,1.873,1.808,1.772,36.73,100.57856,0
2009-01-19,2.296,2.02,2.061,2.105,1.931,1.878,1.832,42.15,102.01783333333333,0
2009-01-26,2.268,2.029,2.046,2.115,1.915,1.892,1.813,42.7,101.22988000000001,0
2009-02-02,2.246,2.071,2.107,2.162,1.974,1.936,1.871,40.78,101.99202,0
2009-02-09,2.219,2.127,2.133,2.214,2.002,1.986,1.897,36.94,101.96137999999999,0
2009-02-16,2.186,2.174,2.168,2.255,2.036,2.034,1.931,37.15,103.89775,0
2009-02-23,2.13,2.141,2.113,2.227,1.976,1.995,1.868,41.1,104.22855999999999,0
2009-03-02,2.087,2.137,2.151,2.218,2.016,1.984,1.91,43.18,105.72849999999998,0
2009-03-09,2.045,2.131,2.154,2.215,2.022,1.99,1.918,45.66,104.99680000000001,0
2009-03-16,2.017,2.108,2.127,2.195,1.996,1.962,1.885,49.49,102.17694,0
2009-03-23,2.09,2.137,2.175,2.226,2.049,2.001,1.944,52.99,101.20761999999999,0
2009-03-30,2.221,2.216,2.259,2.304,2.136,2.08,2.03,50.34,101.7533,0
2009-04-06,2.228,2.234,2.245,2.319,2.119,2.092,2.011,50.46,100.87537999999999,0
2009-04-13,2.229,2.248,2.26,2.33,2.132,2.107,2.025,49.86,100.16398,0
2009-04-20,2.221,2.259,2.268,2.343,2.14,2.118,2.031,47.8,100.9545,0
2009-04-27,2.201,2.262,2.251,2.348,2.124,2.118,2.016,50.2,100.43022,0
2009-05-04,2.185,2.284,2.275,2.369,2.149,2.147,2.045,55.96,98.71404,0
2009-05-11,2.216,2.411,2.45,2.499,2.322,2.285,2.218,57.94,97.96698,0
2009-05-18,2.231,2.495,2.517,2.583,2.387,2.368,2.281,60.32,96.85546,0
2009-05-25,2.274,2.608,2.644,2.693,2.516,2.477,2.414,64.32,95.837375,0
2009-06-01,2.352,2.698,2.721,2.778,2.595,2.57,2.502,68.11,95.17496,0
2009-06-08,2.498,2.806,2.82,2.885,2.692,2.676,2.6,70.85,96.0143,0
2009-06-15,2.572,2.875,2.866,2.952,2.737,2.742,2.639,70.62,96.36684,0
2009-06-22,2.616,2.91,2.887,2.992,2.755,2.777,2.65,68.58,96.5078,0
2009-06-29,2.608,2.882,2.839,2.966,2.701,2.744,2.593,69.32,96.14945,0
2009-07-06,2.594,2.856,2.81,2.94,2.673,2.713,2.563,61.48,96.79474,0
2009-07-13,2.542,2.78,2.731,2.869,2.593,2.631,2.479,61.29,96.1575,0
2009-07-20,2.496,2.725,2.659,2.815,2.522,2.572,2.411,65.28,94.84984,0
2009-07-27,2.528,2.742,2.698,2.829,2.564,2.594,2.46,67.03,94.70844,0
2009-08-03,2.55,2.796,2.747,2.88,2.613,2.653,2.511,71.58,93.9102,0
2009-08-10,2.625,2.896,2.833,2.975,2.7,2.755,2.596,69.64,94.54602,0
2009-08-17,2.652,2.901,2.821,2.98,2.688,2.757,2.58,70.8,94.59642,0
2009-08-24,2.668,2.893,2.813,2.972,2.677,2.746,2.572,72.37,94.3901,0
2009-08-31,2.674,2.887,2.797,2.967,2.662,2.737,2.553,68.39,94.90758000000001,0
2009-09-07,2.647,2.89,2.759,2.965,2.619,2.733,2.519,70.91,93.61025000000001,0
2009-09-14,2.634,2.899,2.739,2.964,2.603,2.741,2.499,71.32,93.18430000000001,0
2009-09-21,2.622,2.874,2.714,2.941,2.58,2.712,2.477,68.33,93.24488,0
2009-09-28,2.601,2.823,2.663,2.886,2.531,2.655,2.425,68.84,93.54206,0
2009-10-05,2.582,2.788,2.634,2.853,2.502,2.621,2.396,70.8,92.65088,0
2009-10-12,2.6,2.774,2.665,2.841,2.532,2.611,2.432,75.73,91.6057,0
2009-10-19,2.705,2.812,2.763,2.887,2.633,2.663,2.532,80.06,91.59254,0
2009-10-26,2.801,2.886,2.878,2.968,2.744,2.744,2.641,78.47,92.50800000000001,0
2009-11-02,2.808,2.907,2.897,2.991,2.764,2.766,2.66,79.0,92.49096,0
2009-11-09,2.801,2.891,2.871,2.977,2.733,2.748,2.627,78.24,91.718375,0
2009-11-16,2.79,2.867,2.835,2.955,2.697,2.72,2.585,78.37,91.59164000000001,0
2009-11-23,2.787,2.862,2.846,2.951,2.713,2.714,2.603,76.14,91.3836,0
2009-11-30,2.775,2.851,2.84,2.941,2.704,2.704,2.594,76.81,91.07808,0
2009-12-07,2.772,2.851,2.849,2.942,2.715,2.703,2.601,71.51,91.96172,0
2009-12-14,2.748,2.835,2.809,2.925,2.672,2.681,2.56,71.72,92.58636,0
2009-12-21,2.726,2.829,2.796,2.918,2.658,2.679,2.546,74.76,93.02973333333334,0
2009-12-28,2.732,2.843,2.811,2.93,2.673,2.696,2.564,79.07,92.895675,0
2010-01-04,2.797,2.889,2.869,2.972,2.73,2.745,2.627,82.34,92.23823999999999,0
2010-01-11,2.879,2.958,2.959,3.042,2.823,2.822,2.717,80.06,91.67612,0
2010-01-18,2.87,2.954,2.951,3.041,2.813,2.813,2.703,76.62,92.56085,0
2010-01-25,2.833,2.932,2.918,3.018,2.78,2.787,2.666,73.94,93.3101,0
2010-02-01,2.781,2.897,2.871,2.984,2.731,2.75,2.618,74.57,93.90688,0
2010-02-08,2.769,2.885,2.862,2.973,2.723,2.738,2.611,73.88,93.9976,0
2010-02-15,2.756,2.853,2.818,2.943,2.678,2.701,2.563,78.25,93.7578,0
2010-02-22,2.832,2.869,2.867,2.958,2.731,2.726,2.621,79.22,93.9474,0
2010-03-01,2.861,2.911,2.917,2.992,2.784,2.768,2.671,80.19,93.38843999999999,0
2010-03-08,2.904,2.952,2.964,3.034,2.829,2.813,2.721,81.76,93.03923999999999,0
2010-03-15,2.924,2.982,3.002,3.063,2.87,2.846,2.76,81.44,92.75792,0
2010-03-22,2.946,3.012,3.028,3.09,2.897,2.875,2.792,80.65,93.41238,0
2010-03-29,2.939,3.006,3.006,3.086,2.873,2.867,2.765,83.01,93.00582,0
2010-04-05,3.015,3.024,3.029,3.106,2.897,2.891,2.795,85.66,92.66904,0
2010-04-12,3.069,3.048,3.065,3.131,2.933,2.917,2.829,84.34,92.23396,0
2010-04-19,3.074,3.051,3.068,3.135,2.935,2.92,2.831,82.9,92.62592,0
2010-04-26,3.078,3.054,3.053,3.141,2.92,2.922,2.815,84.22,92.9687,0
2010-05-03,3.122,3.096,3.103,3.185,2.967,2.97,2.864,80.24,94.40878000000001,0
2010-05-10,3.127,3.113,3.109,3.202,2.976,2.979,2.87,74.98,94.63466,0
2010-05-17,3.094,3.088,3.067,3.181,2.932,2.95,2.823,69.14,96.26968000000001,0
2010-05-24,3.021,3.026,2.993,3.12,2.856,2.88,2.741,70.62,96.80944,0
2010-05-31,2.98,2.981,2.929,3.074,2.789,2.83,2.679,72.91,96.714275,0
2010-06-07,2.946,2.986,2.917,3.075,2.778,2.831,2.674,73.44,96.95772,0
2010-06-14,2.928,2.958,2.894,3.047,2.756,2.803,2.652,76.7,95.57506,0
2010-06-21,2.961,2.989,2.931,3.071,2.794,2.84,2.696,77.06,95.30598,0
2010-06-28,2.956,3.0,2.944,3.081,2.807,2.852,2.712,74.96,95.74384,0
2010-07-05,2.924,2.984,2.91,3.066,2.774,2.83,2.676,74.39,94.9357,0
2010-07-12,2.903,2.98,2.901,3.059,2.765,2.826,2.666,76.35,94.475,0
2010-07-19,2.899,2.981,2.904,3.058,2.771,2.827,2.672,77.56,94.37004,0
2010-07-26,2.919,2.995,2.933,3.072,2.801,2.843,2.703,78.12,93.62884,0
2010-08-02,2.928,2.988,2.922,3.067,2.788,2.836,2.687,81.79,92.676,0
2010-08-09,2.991,3.021,2.973,3.095,2.842,2.873,2.74,78.17,93.52126000000001,0
2010-08-16,2.979,3.0,2.933,3.073,2.802,2.847,2.696,74.84,93.70176000000001,0
2010-08-23,2.957,2.972,2.891,3.046,2.758,2.812,2.653,72.91,94.44028,0
2010-08-30,2.938,2.93,2.875,3.009,2.743,2.771,2.64,74.02,94.24156,0
2010-09-06,2.931,2.911,2.877,2.992,2.748,2.755,2.647,74.82,93.80015,0
2010-09-13,2.943,2.926,2.92,3.006,2.79,2.776,2.695,75.62,92.89576,0
2010-09-20,2.96,2.917,2.931,2.999,2.806,2.766,2.703,73.76,92.22112,0
2010-09-27,2.951,2.9,2.903,2.985,2.775,2.747,2.668,78.41,91.23406,0
2010-10-04,3.0,2.933,2.938,3.019,2.807,2.787,2.705,82.29,90.42082,0
2010-10-11,3.066,3.011,3.029,3.097,2.894,2.873,2.793,82.16,89.800625,0
2010-10-18,3.073,3.056,3.034,3.14,2.9,2.917,2.795,81.15,90.21744,0
2010-10-25,3.067,3.053,3.014,3.139,2.879,2.909,2.772,82.03,90.27052,0
2010-11-01,3.067,3.05,3.004,3.139,2.867,2.903,2.76,84.93,89.53009999999999,0
2010-11-08,3.116,3.073,3.069,3.161,2.931,2.934,2.832,86.91,89.80120000000001,0
2010-11-15,3.184,3.115,3.089,3.205,2.952,2.98,2.849,82.23,90.76382,0
2010-11-22,3.171,3.119,3.075,3.215,2.937,2.979,2.828,82.28,91.2918,0
2010-11-29,3.162,3.107,3.056,3.205,2.917,2.963,2.805,86.75,91.63458,0
2010-12-06,3.197,3.181,3.169,3.277,3.027,3.045,2.917,88.5,91.20058,0
2010-12-13,3.231,3.204,3.189,3.299,3.047,3.07,2.937,88.27,91.13489999999999,0
2010-12-20,3.248,3.217,3.188,3.313,3.046,3.084,2.934,89.66,91.472275,0
2010-12-27,3.294,3.262,3.264,3.354,3.124,3.13,3.015,90.97,90.86565,0
2011-01-03,3.331,3.278,3.283,3.372,3.142,3.146,3.034,89.54,90.55283999999999,0
2011-01-10,3.333,3.297,3.298,3.391,3.157,3.166,3.052,91.02,90.44644000000001,0
2011-01-17,3.407,3.313,3.316,3.406,3.174,3.179,3.068,89.75,89.84195,0
2011-01-24,3.43,3.318,3.322,3.412,3.18,3.186,3.074,86.11,89.63324,0
2011-01-31,3.438,3.321,3.308,3.413,3.169,3.186,3.061,89.52,89.3109,0
2011-02-07,3.513,3.345,3.338,3.434,3.202,3.211,3.094,85.51,89.48026,0
2011-02-14,3.534,3.368,3.343,3.455,3.203,3.233,3.095,84.13,89.61098,0
2011-02-21,3.573,3.428,3.384,3.511,3.251,3.29,3.141,95.26,89.320325,0
2011-02-28,3.716,3.603,3.587,3.683,3.446,3.471,3.341,101.05,88.72572,0
2011-03-07,3.871,3.753,3.717,3.834,3.576,3.617,3.473,103.74,88.65194,0
2011-03-14,3.908,3.813,3.768,3.887,3.626,3.671,3.517,99.79,88.69181999999999,0
2011-03-21,3.907,3.819,3.759,3.893,3.617,3.678,3.507,104.41,88.16666000000001,0
2011-03-28,3.932,3.857,3.787,3.925,3.647,3.719,3.538,105.08,88.15278,0
2011-04-04,3.976,3.925,3.88,3.998,3.737,3.786,3.635,109.29,87.55229999999999,0
2011-04-11,4.078,4.032,3.985,4.105,3.842,3.893,3.743,107.75,87.13656,0
2011-04-18,4.105,4.101,4.029,4.177,3.887,3.964,3.787,109.11,86.75023999999999,0
2011-04-25,4.098,4.143,4.059,4.225,3.916,4.011,3.817,112.3,86.07078,0
2011-05-02,4.124,4.212,4.144,4.297,4.004,4.081,3.906,105.84,86.00246,0
2011-05-09,4.104,4.221,4.15,4.31,4.009,4.087,3.907,99.87,86.94004,0
2011-05-16,4.061,4.213,4.15,4.305,4.01,4.076,3.905,97.99,87.36500000000001,0
2011-05-23,3.997,4.12,4.036,4.218,3.9,3.976,3.788,99.55,87.53620000000001,0
2011-05-30,3.948,4.053,3.981,4.15,3.842,3.905,3.741,100.92,86.62982500000001,0
2011-06-06,3.94,4.014,3.97,4.112,3.827,3.87,3.738,100.05,86.60686000000001,0
2011-06-13,3.954,3.961,3.902,4.063,3.761,3.816,3.664,95.87,87.19575999999999,0
2011-06-20,3.95,3.919,3.84,4.022,3.702,3.769,3.597,92.7,87.16218,0
2011-06-27,3.888,3.852,3.764,3.959,3.621,3.702,3.513,93.7,86.87631999999999,0
2011-07-04,3.85,3.822,3.775,3.929,3.635,3.674,3.534,97.12,86.55132499999999,0
2011-07-11,3.899,3.851,3.851,3.96,3.707,3.71,3.608,96.72,86.77628,0
2011-07-18,3.923,3.885,3.896,3.998,3.75,3.753,3.648,98.01,86.27459999999999,0
2011-07-25,3.949,3.899,3.919,4.01,3.777,3.766,3.667,97.83,85.70702,0
2011-08-01,3.937,3.9,3.937,4.013,3.792,3.768,3.684,90.85,86.44026,0
2011-08-08,3.897,3.872,3.895,3.985,3.753,3.733,3.646,82.86,87.29138,0
2011-08-15,3.835,3.81,3.832,3.927,3.686,3.664,3.576,85.36,86.7941,0
2011-08-22,3.81,3.791,3.804,3.904,3.658,3.641,3.552,85.06,87.08254,0
2011-08-29,3.82,3.828,3.842,3.933,3.703,3.683,3.601,88.07,86.92981999999999,0
2011-09-05,3.868,3.885,3.878,3.98,3.742,3.741,3.643,87.91,88.3005,0
2011-09-12,3.862,3.881,3.866,3.974,3.728,3.729,3.629,88.93,89.2158,0
2011-09-19,3.833,3.846,3.805,3.941,3.666,3.688,3.56,83.65,90.7844,0
2011-09-26,3.786,3.775,3.716,3.871,3.573,3.612,3.461,81.18,91.39934,0
2011-10-03,3.749,3.711,3.64,3.806,3.495,3.543,3.381,79.43,92.19548,0
2011-10-10,3.721,3.685,3.627,3.777,3.481,3.52,3.368,85.35,90.531475,0
2011-10-17,3.801,3.728,3.683,3.818,3.54,3.571,3.431,86.82,90.514,0
2011-10-24,3.825,3.721,3.673,3.811,3.529,3.56,3.415,92.32,89.46366,0
2011-10-31,3.892,3.714,3.664,3.803,3.52,3.551,3.405,93.24,90.15808,0
2011-11-07,3.887,3.701,3.627,3.788,3.483,3.535,3.37,96.97,90.52827500000001,0
2011-11-14,3.987,3.703,3.647,3.792,3.502,3.538,3.388,99.32,91.10062,0
2011-11-21,4.01,3.652,3.576,3.741,3.426,3.485,3.312,96.89,92.477225,0
2011-11-28,3.964,3.601,3.52,3.694,3.367,3.43,3.248,99.91,91.75352000000001,0
2011-12-05,3.931,3.562,3.508,3.656,3.355,3.395,3.24,100.08,91.38074,0
2011-12-12,3.894,3.537,3.512,3.633,3.362,3.372,3.244,96.06,92.76234,0
2011-12-19,3.828,3.489,3.46,3.587,3.306,3.325,3.183,97.74,92.52094,0
2011-12-26,3.791,3.508,3.481,3.603,3.326,3.35,3.213,99.81,92.604275,0
2012-01-02,3.783,3.548,3.527,3.641,3.368,3.393,3.254,102.39,92.2713,0
2012-01-09,3.828,3.637,3.607,3.725,3.448,3.486,3.333,100.43,92.46155999999999,0
2012-01-16,3.854,3.645,3.621,3.734,3.459,3.494,3.342,99.95,91.60155,0
2012-01-23,3.848,3.655,3.617,3.75,3.453,3.505,3.333,99.35,90.81922,0
2012-01-30,3.85,3.694,3.675,3.793,3.51,3.55,3.386,97.8,90.17038,0
2012-02-06,3.856,3.723,3.721,3.822,3.558,3.578,3.436,98.56,89.75399999999999,0
2012-02-13,3.943,3.787,3.751,3.885,3.593,3.642,3.466,101.73,90.16310000000001,0
2012-02-20,3.96,3.887,3.808,3.971,3.647,3.735,3.523,107.18,90.070025,0
2012-02-27,4.051,4.041,3.915,4.11,3.759,3.889,3.641,107.52,89.88784000000001,0
2012-03-05,4.094,4.104,3.977,4.167,3.824,3.954,3.717,106.32,90.49521999999999,0
2012-03-12,4.123,4.15,4.003,4.214,3.852,4.002,3.747,106.15,90.68884,0
2012-03-19,4.142,4.182,4.045,4.249,3.895,4.034,3.787,106.41,90.60254,0
2012-03-26,4.147,4.216,4.104,4.287,3.952,4.076,3.843,105.12,90.4794,0
2012-04-02,4.142,4.222,4.136,4.299,3.981,4.08,3.874,103.52,90.61662,0
2012-04-09,4.148,4.211,4.148,4.299,3.993,4.069,3.877,102.55,91.04744000000001,0
2012-04-16,4.127,4.181,4.134,4.275,3.978,4.039,3.867,103.15,90.96482,0
2012-04-23,4.085,4.154,4.074,4.25,3.919,4.007,3.805,103.78,90.724,0
2012-04-30,4.073,4.116,4.036,4.211,3.882,3.967,3.764,103.47,90.60682,0
2012-05-07,4.057,4.101,3.98,4.19,3.831,3.943,3.718,96.98,91.53738000000001,0
2012-05-14,4.004,4.13,3.919,4.207,3.774,3.956,3.658,93.11,92.75566,0
2012-05-21,3.956,4.081,3.878,4.156,3.731,3.909,3.622,90.88,93.56856,0
2012-05-28,3.897,4.043,3.828,4.117,3.682,3.868,3.575,87.06,94.390125,0
2012-06-04,3.846,3.993,3.766,4.065,3.624,3.812,3.518,84.43,94.22988000000001,0
2012-06-11,3.781,3.92,3.74,3.994,3.592,3.745,3.489,83.27,93.85452000000001,0
2012-06-18,3.729,3.833,3.708,3.914,3.572,3.66,3.473,81.11,93.4828,0
2012-06-25,3.678,3.735,3.619,3.832,3.481,3.562,3.378,80.23,93.79285999999999,0
2012-07-02,3.648,3.665,3.54,3.764,3.398,3.493,3.291,85.74,93.1329,0
2012-07-09,3.683,3.682,3.613,3.789,3.465,3.522,3.357,85.78,93.6664,0
2012-07-16,3.695,3.713,3.618,3.823,3.467,3.561,3.364,90.34,93.24578,0
2012-07-23,3.783,3.771,3.703,3.881,3.552,3.619,3.435,88.88,93.70848,0
2012-07-30,3.796,3.78,3.719,3.889,3.565,3.63,3.45,89.1,92.96336,0
2012-08-06,3.85,3.87,3.869,3.976,3.714,3.727,3.606,93.14,92.5212,0
2012-08-13,3.965,3.994,3.928,4.091,3.771,3.846,3.662,94.43,92.63584,0
2012-08-20,4.026,4.023,3.956,4.12,3.797,3.873,3.682,96.22,92.35040000000001,0
2012-08-27,4.089,4.044,4.003,4.142,3.839,3.888,3.722,95.68,92.33814,0
2012-09-03,4.127,4.089,4.07,4.189,3.916,3.94,3.797,95.68,91.88215,0
2012-09-10,4.132,4.1,4.071,4.208,3.919,3.949,3.799,97.56,90.90444,0
2012-09-17,4.135,4.124,4.108,4.239,3.955,3.974,3.832,93.7,90.5097,0
2012-09-24,4.086,4.098,4.056,4.21,3.899,3.934,3.775,91.35,90.8049,0
2012-10-01,4.079,4.086,4.026,4.2,3.87,3.916,3.75,90.81,90.5992,0
2012-10-08,4.094,4.27,4.02,4.344,3.864,4.078,3.742,91.42,90.795075,0
2012-10-15,4.15,4.238,4.004,4.316,3.841,4.042,3.713,91.59,90.52423999999999,0
2012-10-22,4.116,4.107,3.884,4.193,3.717,3.908,3.582,86.35,91.03484,0
2012-10-29,4.03,3.948,3.788,4.044,3.622,3.752,3.48,85.87,91.18786666666666,0
2012-11-05,4.01,3.864,3.717,3.978,3.542,3.673,3.406,85.98,91.48892000000001,0
2012-11-12,3.98,3.793,3.678,3.913,3.509,3.611,3.372,85.87,91.85575,0
2012-11-19,3.976,3.754,3.662,3.885,3.489,3.573,3.36,87.4,91.51185,0
2012-11-26,4.034,3.73,3.684,3.861,3.511,3.553,3.382,87.27,91.23678,0
2012-12-03,4.027,3.692,3.643,3.826,3.474,3.513,3.337,87.0,91.00642,0
2012-12-10,3.991,3.636,3.606,3.77,3.436,3.459,3.297,85.71,90.81316,0
2012-12-17,3.945,3.551,3.507,3.69,3.336,3.371,3.198,88.24,90.63698,0
2012-12-24,3.923,3.548,3.517,3.688,3.346,3.366,3.205,90.14,91.0604,0
2012-12-31,3.918,3.587,3.56,3.723,3.386,3.41,3.245,92.77,90.922425,0
2013-01-07,3.911,3.616,3.568,3.748,3.383,3.437,3.233,93.38,90.84574,0
2013-01-14,3.894,3.623,3.575,3.753,3.386,3.444,3.236,94.58,90.60368,0
2013-01-21,3.902,3.626,3.574,3.751,3.394,3.444,3.254,95.41,90.9062,0
2013-01-28,3.927,3.663,3.613,3.783,3.434,3.484,3.296,97.33,90.90997999999999,0
2013-02-04,4.022,3.848,3.776,3.963,3.598,3.678,3.471,96.18,91.09456,0
2013-02-11,4.104,3.938,3.838,4.042,3.663,3.769,3.537,96.95,91.363,0
2013-02-18,4.157,4.031,3.993,4.132,3.819,3.866,3.69,94.38,91.83382499999999,0
2013-02-25,4.159,4.08,4.031,4.181,3.859,3.914,3.722,92.19,92.35378,0
2013-03-04,4.13,4.06,4.009,4.158,3.833,3.888,3.698,91.0,92.574875,0
2013-03-11,4.088,4.022,3.96,4.124,3.783,3.85,3.644,92.7,92.39775999999999,0
2013-03-18,4.047,4.001,3.946,4.104,3.772,3.829,3.633,93.05,92.36302,0
2013-03-25,4.006,3.982,3.924,4.087,3.749,3.813,3.616,96.08,92.30850000000001,0
2013-04-01,3.993,3.969,3.887,4.076,3.71,3.799,3.572,95.07,92.18196,0
2013-04-08,3.977,3.93,3.852,4.034,3.673,3.751,3.539,93.36,91.93046,0
2013-04-15,3.942,3.878,3.782,3.98,3.609,3.694,3.469,88.0,92.06412,0
2013-04-22,3.887,3.847,3.777,3.947,3.604,3.671,3.472,91.0,92.22828,0
2013-04-29,3.851,3.829,3.763,3.931,3.584,3.657,3.455,93.4,91.51744,0
2013-05-06,3.845,3.832,3.776,3.93,3.603,3.662,3.478,95.84,91.57998,0
2013-05-13,3.866,3.9,3.824,3.993,3.656,3.729,3.543,94.65,92.64636,0
2013-05-20,3.89,3.918,3.88,4.011,3.741,3.752,3.636,94.76,93.16011999999999,0
2013-05-27,3.88,3.904,3.863,4.003,3.714,3.736,3.601,93.32,93.53645,0
2013-06-03,3.869,3.892,3.87,3.992,3.712,3.721,3.61,94.25,93.03186000000001,0
2013-06-10,3.849,3.9,3.891,4.0,3.722,3.731,3.619,96.36,92.55672,0
2013-06-17,3.841,3.901,3.863,4.005,3.692,3.73,3.577,96.65,93.18024,0
2013-06-24,3.838,3.922,3.807,4.015,3.635,3.741,3.498,95.83,94.36564000000001,0
2013-07-01,3.817,3.86,3.732,3.964,3.557,3.676,3.41,100.65,94.511375,0
2013-07-08,3.828,3.84,3.737,3.947,3.558,3.657,3.413,104.7,94.5307,0
2013-07-15,3.867,3.952,3.88,4.059,3.701,3.786,3.57,106.88,93.64056000000001,0
2013-07-22,3.903,3.995,3.932,4.105,3.746,3.831,3.612,105.88,93.2313,0
2013-07-29,3.915,3.975,3.895,4.091,3.71,3.806,3.57,105.54,93.50206,0
2013-08-05,3.909,3.938,3.887,4.059,3.7,3.769,3.566,105.17,93.15596000000001,0
2013-08-12,3.896,3.883,3.82,4.01,3.635,3.703,3.493,106.97,93.34144,0
2013-08-19,3.9,3.841,3.824,3.967,3.638,3.664,3.496,105.48,93.89582,0
2013-08-26,3.913,3.829,3.832,3.956,3.644,3.653,3.504,108.33,94.47706,0
2013-09-02,3.981,3.851,3.893,3.977,3.713,3.679,3.575,108.77,94.667275,0
2013-09-09,3.981,3.864,3.862,3.987,3.678,3.687,3.54,108.36,93.7814,0
2013-09-16,3.974,3.887,3.802,3.995,3.617,3.698,3.475,106.22,92.95612,0
2013-09-23,3.949,3.833,3.751,3.945,3.564,3.641,3.425,103.1,92.82678,0
2013-09-30,3.919,3.77,3.691,3.881,3.507,3.574,3.354,103.14,92.80744,0
2013-10-07,3.897,3.708,3.635,3.824,3.445,3.511,3.298,102.7,92.84461999999999,0
2013-10-14,3.886,3.676,3.638,3.798,3.451,3.478,3.296,101.51,92.3674,0
2013-10-21,3.886,3.663,3.652,3.779,3.463,3.464,3.31,97.57,92.12996000000001,0
2013-10-28,3.87,3.621,3.591,3.742,3.4,3.417,3.235,96.94,92.53598,0
2013-11-04,3.857,3.584,3.564,3.708,3.366,3.382,3.209,94.31,93.26072,0
2013-11-11,3.832,3.528,3.498,3.651,3.303,3.323,3.133,93.94,93.492025,0
2013-11-18,3.822,3.532,3.526,3.661,3.333,3.341,3.161,93.92,93.2562,0
2013-11-25,3.844,3.581,3.611,3.719,3.413,3.401,3.241,92.97,93.598,0
2013-12-02,3.883,3.592,3.585,3.729,3.387,3.403,3.209,96.21,93.70206,0
2013-12-09,3.879,3.591,3.579,3.73,3.381,3.397,3.208,97.23,93.25365,0
2013-12-16,3.871,3.585,3.541,3.725,3.339,3.395,3.165,97.85,93.47962,0
2013-12-23,3.873,3.613,3.567,3.751,3.368,3.422,3.198,99.15,93.67830000000001,0
2013-12-30,3.903,3.654,3.625,3.789,3.425,3.471,3.264,96.47,93.67909999999999,0
2014-01-06,3.91,3.665,3.633,3.796,3.434,3.48,3.261,92.42,94.10064,0
2014-01-13,3.886,3.641,3.636,3.771,3.435,3.452,3.267,92.98,94.28112,0
2014-01-20,3.873,3.607,3.611,3.741,3.41,3.414,3.24,96.19,94.805975,0
2014-01-27,3.904,3.598,3.612,3.731,3.41,3.407,3.241,97.29,94.99096,0
2014-02-03,3.951,3.59,3.612,3.723,3.415,3.395,3.243,97.78,94.95652,0
2014-02-10,3.977,3.61,3.623,3.739,3.423,3.417,3.257,100.21,94.56215,0
2014-02-17,3.989,3.678,3.686,3.806,3.491,3.492,3.326,102.93,94.41016666666667,0
2014-02-24,4.017,3.73,3.747,3.85,3.555,3.55,3.394,102.77,94.54264,0
2014-03-03,4.016,3.779,3.768,3.893,3.58,3.601,3.421,103.07,94.340925,0
2014-03-10,4.021,3.81,3.788,3.923,3.605,3.637,3.452,99.55,94.33045999999999,0
2014-03-17,4.003,3.848,3.825,3.956,3.638,3.669,3.489,99.77,94.6229,0
2014-03-24,3.988,3.859,3.828,3.965,3.642,3.68,3.487,100.66,94.52496,0
2014-03-31,3.975,3.879,3.86,3.984,3.673,3.701,3.521,100.46,94.2818,0
2014-04-07,3.959,3.907,3.884,4.009,3.697,3.728,3.533,102.72,93.71387999999999,0
2014-04-14,3.952,3.978,3.927,4.068,3.743,3.798,3.581,103.95,93.91116,0
2014-04-21,3.971,4.01,3.966,4.104,3.779,3.832,3.612,102.11,94.11092,0
2014-04-28,3.975,4.055,3.991,4.152,3.802,3.879,3.635,100.51,93.94908000000001,0
2014-05-05,3.964,4.033,3.971,4.13,3.777,3.849,3.606,100.29,93.52590000000001,0
2014-05-12,3.948,4.003,3.966,4.107,3.771,3.817,3.597,101.92,93.64796,0
2014-05-19,3.934,4.002,3.96,4.106,3.763,3.816,3.593,103.82,93.66668,0
2014-05-26,3.925,3.998,3.966,4.102,3.773,3.815,3.607,103.95,93.79475,0
2014-06-02,3.918,4.009,3.977,4.113,3.786,3.83,3.624,103.23,94.01164,0
2014-06-09,3.892,3.992,3.959,4.098,3.768,3.811,3.61,105.97,93.94666,0
2014-06-16,3.882,4.0,3.966,4.109,3.777,3.824,3.621,107.23,93.90208,0
2014-06-23,3.919,4.016,3.988,4.126,3.8,3.84,3.639,106.69,93.57356,0
2014-06-30,3.92,4.024,3.981,4.137,3.793,3.85,3.635,105.52,93.22625,0
2014-07-07,3.913,4.01,3.957,4.123,3.766,3.831,3.605,103.25,93.33272,0
2014-07-14,3.894,3.979,3.915,4.094,3.725,3.793,3.56,102.37,93.58164000000001,0
2014-07-21,3.869,3.93,3.881,4.045,3.692,3.741,3.523,104.35,93.66911999999999,0
2014-07-28,3.858,3.886,3.825,4.005,3.639,3.687,3.468,102.19,94.22874,0
2014-08-04,3.853,3.854,3.81,3.971,3.622,3.655,3.449,97.5,94.59434,0
2014-08-11,3.843,3.822,3.8,3.941,3.612,3.628,3.447,97.17,94.42216,0
2014-08-18,3.835,3.8,3.764,3.915,3.577,3.605,3.408,94.95,94.55108,0
2014-08-25,3.821,3.773,3.753,3.889,3.563,3.574,3.397,96.25,94.77673999999999,0
2014-09-01,3.814,3.755,3.767,3.871,3.577,3.561,3.41,94.06,95.104575,0
2014-09-08,3.814,3.751,3.763,3.871,3.571,3.563,3.406,92.43,95.83102,0
2014-09-15,3.801,3.713,3.712,3.833,3.518,3.525,3.352,93.52,96.0697,0
2014-09-22,3.778,3.662,3.666,3.784,3.47,3.472,3.296,93.15,96.74758,0
2014-09-29,3.755,3.652,3.677,3.773,3.478,3.459,3.304,91.44,97.54158,0
2014-10-06,3.733,3.609,3.631,3.733,3.432,3.41,3.246,87.63,97.41544,0
2014-10-13,3.698,3.544,3.532,3.673,3.335,3.334,3.147,82.88,97.335275,0
2014-10-20,3.656,3.439,3.46,3.571,3.257,3.223,3.07,82.12,97.41542,0
2014-10-27,3.635,3.364,3.385,3.5,3.188,3.142,3.016,81.29,97.46928,0
2014-11-03,3.623,3.29,3.335,3.432,3.133,3.071,2.956,78.24,98.81118000000001,0
2014-11-10,3.677,3.229,3.286,3.37,3.085,3.012,2.907,76.5,99.0041,0
2014-11-17,3.661,3.186,3.239,3.328,3.037,2.973,2.856,75.38,99.2049,0
2014-11-24,3.628,3.125,3.17,3.271,2.964,2.904,2.781,72.36,99.4919,0
2014-12-01,3.605,3.086,3.127,3.234,2.922,2.861,2.738,67.18,100.48116,0
2014-12-08,3.535,3.003,3.028,3.153,2.819,2.776,2.634,61.14,101.1918,0
2014-12-15,3.419,2.895,2.902,3.041,2.694,2.667,2.499,55.89,101.71082,0
2014-12-22,3.281,2.766,2.757,2.917,2.544,2.535,2.341,55.58,102.21499999999999,0
2014-12-29,3.213,2.675,2.651,2.828,2.436,2.445,2.229,53.44,102.4164,0
2015-01-05,3.137,2.614,2.562,2.759,2.346,2.378,2.136,48.77,103.36484,0
2015-01-12,3.053,2.524,2.492,2.668,2.273,2.293,2.066,47.07,103.17986,0
2015-01-19,2.933,2.43,2.42,2.573,2.198,2.204,1.999,46.46,103.90095,0
2015-01-26,2.866,2.399,2.393,2.538,2.173,2.174,1.982,45.32,104.79695999999998,0
2015-02-02,2.831,2.402,2.409,2.536,2.198,2.183,2.013,50.58,104.84338,0
2015-02-09,2.835,2.524,2.524,2.648,2.318,2.313,2.133,51.14,105.17048,0
2015-02-16,2.865,2.627,2.6,2.746,2.384,2.416,2.206,51.69,105.2436,0
2015-02-23,2.9,2.708,2.645,2.815,2.432,2.491,2.256,49.16,105.44672,0
2015-03-02,2.936,2.937,2.741,3.017,2.534,2.71,2.36,50.38,106.234575,0
2015-03-09,2.944,2.964,2.749,3.045,2.542,2.739,2.367,47.69,108.25028,0
2015-03-16,2.917,2.919,2.721,3.015,2.514,2.693,2.339,44.39,108.19608000000001,0
2015-03-23,2.864,2.903,2.725,2.987,2.519,2.685,2.347,48.68,106.53114000000001,0
2015-03-30,2.824,2.877,2.733,2.964,2.53,2.658,2.348,48.91,106.89072000000002,0
2015-04-06,2.784,2.839,2.709,2.938,2.502,2.619,2.315,51.78,106.62912000000001,0
2015-04-13,2.754,2.821,2.714,2.919,2.51,2.598,2.317,54.78,106.91922,0
2015-04-20,2.78,2.888,2.785,2.992,2.582,2.679,2.393,56.14,106.34013999999999,0
2015-04-27,2.811,3.036,2.85,3.126,2.643,2.821,2.451,57.98,105.26522,0
2015-05-04,2.854,3.192,2.911,3.269,2.703,2.971,2.517,59.73,105.12750000000001,0
2015-05-11,2.878,3.214,2.94,3.291,2.738,2.995,2.547,60.01,104.56336000000002,0
2015-05-18,2.904,3.26,2.991,3.328,2.789,3.037,2.604,58.95,105.34832000000002,0
2015-05-25,2.914,3.267,3.026,3.351,2.825,3.051,2.642,58.19,106.82405,0
2015-06-01,2.909,3.25,3.038,3.338,2.837,3.041,2.656,59.66,106.68498,0
2015-06-08,2.884,3.224,3.057,3.323,2.849,3.014,2.668,60.07,106.15834,0
2015-06-15,2.87,3.225,3.128,3.338,2.922,3.028,2.744,59.89,105.73116,0
2015-06-22,2.859,3.206,3.109,3.317,2.902,3.004,2.72,60.01,106.03353999999999,0
2015-06-29,2.843,3.193,3.103,3.31,2.896,2.985,2.713,57.92,106.704575,0
2015-07-06,2.832,3.188,3.093,3.307,2.887,2.982,2.702,52.38,107.43304,0
2015-07-13,2.814,3.364,3.087,3.446,2.878,3.127,2.694,51.68,107.95882000000002,0
2015-07-20,2.782,3.343,3.049,3.419,2.841,3.098,2.661,49.21,108.72786,0
2015-07-27,2.723,3.286,3.002,3.365,2.792,3.037,2.605,47.91,108.83984000000001,0
2015-08-03,2.668,3.225,2.959,3.314,2.745,2.971,2.555,44.94,109.48800000000001,0
2015-08-10,2.617,3.134,2.92,3.236,2.703,2.888,2.505,43.2,109.68498,0
2015-08-17,2.615,3.184,2.999,3.276,2.794,2.943,2.608,41.34,110.21584,0
2015-08-24,2.561,3.098,2.936,3.197,2.728,2.853,2.534,40.73,110.4011,0
2015-08-31,2.514,2.981,2.824,3.087,2.606,2.727,2.406,46.73,110.7538,0
2015-09-07,2.534,2.908,2.764,3.02,2.536,2.648,2.337,45.16,110.740175,0
2015-09-14,2.517,2.833,2.72,2.952,2.488,2.573,2.28,45.48,110.23594,0
2015-09-21,2.493,2.778,2.682,2.9,2.449,2.518,2.237,45.57,111.25694000000001,0
2015-09-28,2.476,2.739,2.685,2.864,2.454,2.482,2.246,45.0,111.19778000000001,0
2015-10-05,2.492,2.712,2.697,2.842,2.459,2.456,2.252,48.36,109.82424,0
2015-10-12,2.556,2.703,2.717,2.832,2.487,2.448,2.283,46.82,109.04975,0
2015-10-19,2.531,2.653,2.662,2.786,2.429,2.396,2.22,45.16,109.79285999999999,0
2015-10-26,2.498,2.617,2.614,2.755,2.379,2.357,2.166,44.99,110.3892,0
2015-11-02,2.485,2.602,2.617,2.741,2.379,2.337,2.17,45.98,110.75344,0
2015-11-09,2.502,2.626,2.629,2.769,2.387,2.367,2.172,42.7,111.9315,0
2015-11-16,2.482,2.585,2.58,2.731,2.335,2.322,2.11,40.62,112.05102,0
2015-11-23,2.445,2.522,2.492,2.675,2.243,2.258,2.015,40.49,112.013075,0
2015-11-30,2.421,2.501,2.462,2.655,2.209,2.236,1.974,40.4,112.00237999999999,0
2015-12-07,2.379,2.49,2.457,2.647,2.206,2.231,1.969,36.93,112.40556,0
2015-12-14,2.338,2.474,2.446,2.626,2.191,2.214,1.953,35.78,113.14016,0
2015-12-21,2.284,2.495,2.425,2.638,2.169,2.23,1.929,36.26,113.214925,0
2015-12-28,2.237,2.519,2.427,2.653,2.172,2.244,1.933,36.99,113.256525,0
2016-01-04,2.211,2.525,2.413,2.656,2.161,2.25,1.922,34.65,114.54064000000001,0
2016-01-11,2.177,2.499,2.382,2.631,2.126,2.224,1.888,30.59,115.31884,0
2016-01-18,2.112,2.404,2.308,2.544,2.052,2.131,1.81,29.19,116.04953333333333,0
2016-01-25,2.071,2.352,2.252,2.495,1.996,2.076,1.752,31.81,115.43473333333333,0
2016-02-01,2.031,2.294,2.233,2.443,1.976,2.017,1.729,31.26,114.67904000000001,0
2016-02-08,2.008,2.237,2.172,2.388,1.915,1.961,1.663,28.14,114.26669999999999,0
2016-02-15,1.98,2.176,2.144,2.33,1.885,1.904,1.638,30.02,114.04984999999999,0
2016-02-22,1.983,2.14,2.154,2.3,1.902,1.874,1.661,31.32,114.09295999999999,0
2016-02-29,1.989,2.196,2.191,2.342,1.943,1.925,1.715,34.43,113.57033999999999,0
2016-03-07,2.021,2.227,2.25,2.374,2.005,1.964,1.782,37.69,112.41105999999999,0
2016-03-14,2.099,2.366,2.357,2.505,2.114,2.116,1.888,38.32,111.66887999999999,0
2016-03-21,2.119,2.413,2.41,2.555,2.163,2.159,1.935,39.45,111.33156,0
2016-03-28,2.121,2.507,2.454,2.645,2.208,2.255,1.976,36.82,110.63566,0
2016-04-04,2.115,2.52,2.465,2.655,2.222,2.271,1.994,36.72,110.63802000000001,0
2016-04-11,2.128,2.504,2.463,2.645,2.217,2.253,1.981,41.23,110.05956,0
2016-04-18,2.165,2.562,2.528,2.706,2.283,2.314,2.053,41.86,109.74928,0
2016-04-25,2.198,2.582,2.557,2.725,2.313,2.335,2.08,44.3,109.56532,0
2016-05-02,2.266,2.633,2.647,2.778,2.404,2.391,2.168,44.22,109.72986,0
2016-05-09,2.271,2.627,2.633,2.775,2.387,2.384,2.143,45.44,110.79906000000001,0
2016-05-16,2.297,2.631,2.655,2.785,2.41,2.392,2.17,47.99,111.62464,0
2016-05-23,2.357,2.674,2.717,2.828,2.472,2.435,2.235,48.72,112.15108000000001,0
2016-05-30,2.382,2.696,2.753,2.852,2.511,2.461,2.281,49.0,112.19777500000001,0
2016-06-06,2.407,2.725,2.804,2.876,2.56,2.491,2.328,50.18,110.79567999999999,0
2016-06-13,2.431,2.748,2.812,2.896,2.573,2.516,2.343,47.89,111.80424000000001,0
2016-06-20,2.426,2.725,2.77,2.872,2.523,2.484,2.29,48.71,111.00852,0
2016-06-27,2.426,2.742,2.732,2.885,2.481,2.496,2.25,48.17,112.3114,0
2016-07-04,2.423,2.72,2.696,2.865,2.442,2.472,2.205,46.17,112.485175,0
2016-07-11,2.414,2.682,2.663,2.83,2.408,2.426,2.171,45.6,112.14294,0
2016-07-18,2.402,2.657,2.645,2.806,2.386,2.402,2.148,44.44,112.63430000000001,0
2016-07-25,2.379,2.606,2.602,2.757,2.345,2.344,2.105,41.83,112.8136,0
2016-08-01,2.348,2.565,2.591,2.716,2.335,2.302,2.091,40.82,111.98076,0
2016-08-08,2.316,2.539,2.582,2.693,2.325,2.281,2.087,43.11,111.51310000000001,0
2016-08-15,2.31,2.518,2.593,2.674,2.34,2.262,2.096,47.16,110.68526,0
2016-08-22,2.37,2.563,2.635,2.718,2.378,2.312,2.136,47.05,111.1226,0
2016-08-29,2.409,2.589,2.677,2.747,2.424,2.341,2.187,45.11,112.14962,0
2016-09-05,2.407,2.588,2.671,2.749,2.405,2.333,2.17,45.96,111.29545,0
2016-09-12,2.399,2.597,2.642,2.751,2.38,2.336,2.138,44.34,112.55838000000001,0
2016-09-19,2.389,2.6,2.679,2.756,2.419,2.339,2.17,44.59,112.80956,0
2016-09-26,2.382,2.609,2.679,2.762,2.419,2.348,2.166,46.55,112.49168,0
2016-10-03,2.389,2.631,2.696,2.782,2.441,2.375,2.184,49.48,112.85166,0
2016-10-10,2.445,2.644,2.728,2.802,2.469,2.389,2.216,50.29,113.6315,0
2016-10-17,2.481,2.64,2.712,2.797,2.452,2.381,2.198,50.56,113.40952,0
2016-10-24,2.478,2.644,2.689,2.804,2.429,2.386,2.175,49.36,113.92864,0
2016-10-31,2.479,2.645,2.675,2.801,2.415,2.379,2.159,45.51,113.85601999999999,0
2016-11-07,2.47,2.656,2.681,2.826,2.416,2.392,2.157,44.61,114.369775,0
2016-11-14,2.443,2.618,2.64,2.787,2.37,2.349,2.105,45.15,117.05838000000001,0
2016-11-21,2.421,2.582,2.605,2.762,2.341,2.318,2.078,47.25,117.74565,0
2016-11-28,2.42,2.578,2.607,2.75,2.342,2.312,2.079,48.63,117.62224,0
2016-12-05,2.48,2.615,2.664,2.795,2.397,2.356,2.137,50.97,117.00228,0
2016-12-12,2.493,2.622,2.695,2.801,2.428,2.366,2.174,51.91,117.52356,0
2016-12-19,2.527,2.639,2.727,2.824,2.461,2.391,2.203,51.95,118.641,0
2016-12-26,2.54,2.673,2.768,2.858,2.502,2.426,2.254,53.6,118.79785,0
2017-01-02,2.586,2.742,2.832,2.927,2.56,2.497,2.319,53.34,118.58,0
2017-01-09,2.597,2.76,2.838,2.941,2.571,2.514,2.328,52.07,118.35202,0
2017-01-16,2.585,2.732,2.807,2.914,2.542,2.486,2.298,51.82,117.76933333333334,0
2017-01-23,2.569,2.719,2.771,2.901,2.505,2.468,2.258,52.74,117.11702,0
2017-01-30,2.562,2.703,2.749,2.882,2.476,2.446,2.224,53.33,116.17537999999999,0
2017-02-06,2.558,2.703,2.743,2.878,2.474,2.446,2.221,52.88,116.21016,0
2017-02-13,2.565,2.733,2.747,2.903,2.48,2.472,2.228,53.22,116.2728,0
2017-02-20,2.572,2.731,2.744,2.897,2.477,2.467,2.224,54.03,116.068175,0
2017-02-27,2.577,2.753,2.756,2.917,2.489,2.484,2.233,53.56,116.32086,0
2017-03-06,2.579,2.775,2.781,2.929,2.515,2.504,2.264,50.5,116.6697,0
2017-03-13,2.564,2.768,2.759,2.923,2.492,2.494,2.242,48.03,116.00945999999999,0
2017-03-20,2.539,2.766,2.758,2.923,2.494,2.495,2.238,47.28,114.81505999999999,0
2017-03-27,2.532,2.767,2.752,2.925,2.487,2.499,2.228,49.14,114.53774000000001,0
2017-04-03,2.556,2.785,2.799,2.948,2.537,2.527,2.281,51.26,114.97988000000001,0
2017-04-10,2.582,2.831,2.869,2.991,2.606,2.577,2.351,53.19,114.81558,0
2017-04-17,2.597,2.858,2.876,3.021,2.609,2.602,2.356,51.09,114.56228000000002,0
2017-04-24,2.595,2.859,2.893,3.023,2.627,2.609,2.372,49.12,114.72144,0
2017-05-01,2.583,2.837,2.855,3.002,2.588,2.578,2.331,47.21,114.72301999999999,0
2017-05-08,2.565,2.809,2.814,2.974,2.545,2.549,2.288,47.04,115.08242,0
2017-05-15,2.544,2.816,2.807,2.979,2.54,2.55,2.283,49.24,114.01234,0
2017-05-22,2.539,2.857,2.822,3.013,2.562,2.594,2.306,50.21,113.55224000000001,0
2017-05-29,2.571,2.874,2.821,3.03,2.558,2.612,2.308,48.48,113.335825,0
2017-06-05,2.564,2.864,2.843,3.022,2.579,2.601,2.325,46.57,112.85907999999999,0
2017-06-12,2.524,2.823,2.8,2.984,2.535,2.554,2.276,45.3,112.63409999999999,0
2017-06-19,2.489,2.789,2.756,2.952,2.492,2.514,2.224,43.09,113.07840000000002,0
2017-06-26,2.465,2.753,2.735,2.916,2.468,2.473,2.201,44.63,112.27511999999999,0
2017-07-03,2.472,2.742,2.696,2.907,2.43,2.464,2.163,44.96,112.45345,0
2017-07-10,2.481,2.749,2.736,2.912,2.475,2.481,2.21,45.51,111.6673,0
2017-07-17,2.491,2.736,2.719,2.898,2.455,2.466,2.188,46.41,110.44841999999998,0
2017-07-24,2.507,2.757,2.76,2.92,2.492,2.495,2.224,48.27,110.2002,0
2017-07-31,2.531,2.787,2.81,2.952,2.538,2.526,2.269,49.52,109.90630000000002,0
2017-08-07,2.581,2.821,2.825,2.987,2.553,2.564,2.29,49.08,110.27338,0
2017-08-14,2.598,2.823,2.834,2.983,2.565,2.558,2.301,47.52,110.24546000000001,0
2017-08-21,2.596,2.811,2.81,2.968,2.539,2.543,2.273,47.68,109.69538,0
2017-08-28,2.605,2.825,2.859,2.981,2.588,2.561,2.322,46.68,109.22005999999999,0
2017-09-04,2.758,3.085,3.153,3.262,2.875,2.835,2.604,48.58,108.271625,0
2017-09-11,2.802,3.092,3.158,3.268,2.88,2.842,2.61,49.07,108.41448,0
2017-09-18,2.791,3.05,3.112,3.224,2.831,2.791,2.559,50.12,108.67362,0
2017-09-25,2.788,3.001,3.069,3.171,2.785,2.74,2.508,51.77,109.90149999999998,0
2017-10-02,2.792,2.975,3.055,3.142,2.772,2.715,2.493,50.23,110.46112000000001,0
2017-10-09,2.776,2.932,2.986,3.098,2.702,2.668,2.426,50.77,110.2973,0
2017-10-16,2.787,2.913,2.964,3.077,2.687,2.648,2.413,51.74,110.73478,0
2017-10-23,2.797,2.902,2.946,3.064,2.672,2.632,2.406,52.51,111.55956,0
2017-10-30,2.819,2.918,2.947,3.081,2.679,2.652,2.41,54.59,111.79722,0
2017-11-06,2.882,3.018,2.999,3.17,2.732,2.754,2.468,57.05,111.7301,0
2017-11-13,2.915,3.046,3.037,3.194,2.771,2.777,2.504,55.81,111.40646,0
2017-11-20,2.912,3.022,3.021,3.174,2.75,2.753,2.48,57.47,110.70779999999999,0
2017-11-27,2.926,2.99,2.988,3.146,2.717,2.719,2.444,57.81,110.2696,0
2017-12-04,2.922,2.962,2.957,3.122,2.683,2.689,2.41,56.92,110.80073999999999,0
2017-12-11,2.91,2.933,2.949,3.095,2.675,2.661,2.401,57.17,111.21958,0
2017-12-18,2.901,2.914,2.912,3.076,2.636,2.642,2.358,57.87,110.96970000000002,0
2017-12-25,2.903,2.931,2.929,3.09,2.655,2.658,2.384,59.88,110.6062,0
2018-01-01,2.973,2.965,2.983,3.129,2.711,2.697,2.436,61.36,109.53672499999999,0
2018-01-08,2.996,2.989,2.981,3.15,2.705,2.716,2.429,63.26,109.49767999999999,0
2018-01-15,3.028,3.009,3.013,3.169,2.74,2.735,2.473,63.77,108.12135,0
2018-01-22,3.025,3.022,3.031,3.184,2.754,2.744,2.482,65.14,107.27628,0
2018-01-29,3.07,3.07,3.064,3.229,2.784,2.797,2.516,65.32,106.9186,0
2018-02-05,3.086,3.109,3.089,3.262,2.813,2.832,2.544,62.01,107.82572,0
2018-02-12,3.063,3.086,3.063,3.239,2.785,2.806,2.511,60.56,107.45645999999999,0
2018-02-19,3.027,3.056,3.013,3.21,2.732,2.77,2.455,62.47,107.76,0
2018-02-26,3.007,3.055,2.996,3.205,2.713,2.77,2.442,62.07,108.20847499999999,0
2018-03-05,2.992,3.053,3.02,3.204,2.738,2.767,2.462,61.65,108.08789999999999,0
2018-03-12,2.976,3.065,3.007,3.21,2.728,2.777,2.455,61.28,108.03617999999999,0
2018-03-19,2.972,3.105,3.043,3.247,2.765,2.817,2.494,64.11,108.1382,0
2018-03-26,3.01,3.157,3.086,3.299,2.81,2.871,2.541,64.97,107.4469,0
2018-04-02,3.042,3.205,3.14,3.345,2.863,2.927,2.592,63.07,107.6837,0
2018-04-09,3.043,3.196,3.14,3.338,2.864,2.918,2.587,66.02,107.30944,0
2018-04-16,3.104,3.238,3.189,3.381,2.915,2.963,2.644,67.55,107.38038000000002,0
2018-04-23,3.133,3.284,3.243,3.433,2.967,3.014,2.696,67.91,109.12132,0
2018-04-30,3.157,3.33,3.285,3.479,3.008,3.068,2.741,68.38,109.93472,0
2018-05-07,3.171,3.343,3.28,3.491,3.003,3.078,2.733,70.56,110.64132,0
2018-05-14,3.239,3.405,3.347,3.574,3.076,3.055,2.786,71.3,111.20316,0
2018-05-21,3.277,3.448,3.391,3.617,3.121,3.109,2.834,70.98,111.52000000000001,0
2018-05-28,3.288,3.482,3.435,3.653,3.165,3.142,2.877,66.96,111.925425,0
2018-06-04,3.285,3.482,3.417,3.647,3.146,3.131,2.849,65.35,112.00406000000001,0
2018-06-11,3.266,3.453,3.387,3.619,3.122,3.099,2.822,66.21,112.55586000000001,0
2018-06-18,3.244,3.422,3.359,3.598,3.093,3.064,2.79,66.32,113.50457999999999,0
2018-06-25,3.216,3.38,3.324,3.557,3.055,3.018,2.745,74.03,113.51676,0
2018-07-02,3.236,3.382,3.335,3.559,3.068,3.019,2.762,73.73,113.27705,0
2018-07-09,3.243,3.389,3.354,3.571,3.08,3.034,2.774,71.96,112.78591999999999,0
2018-07-16,3.239,3.377,3.362,3.555,3.093,3.023,2.79,68.95,113.3193,0
2018-07-23,3.22,3.352,3.338,3.529,3.06,2.994,2.754,70.01,113.05632,0
2018-07-30,3.226,3.357,3.349,3.533,3.075,3.006,2.772,69.46,112.88082,0
2018-08-06,3.223,3.352,3.354,3.53,3.08,3.004,2.781,67.9,113.40542,0
2018-08-13,3.217,3.339,3.351,3.518,3.077,2.993,2.774,66.15,114.76741999999999,0
2018-08-20,3.207,3.323,3.334,3.494,3.066,2.964,2.755,68.1,113.91309999999999,0
2018-08-27,3.226,3.329,3.336,3.502,3.069,2.969,2.761,69.66,113.72559999999999,0
2018-09-03,3.252,3.328,3.34,3.505,3.069,2.964,2.759,68.51,114.7089,0
2018-09-10,3.258,3.336,3.351,3.516,3.08,2.98,2.765,68.96,114.3194,0
2018-09-17,3.268,3.355,3.35,3.534,3.081,2.991,2.771,70.28,113.67034000000001,0
2018-09-24,3.271,3.349,3.356,3.528,3.086,2.982,2.779,72.84,113.74206,0
2018-10-01,3.313,3.39,3.378,3.573,3.106,3.014,2.796,75.13,114.22470000000001,0
2018-10-08,3.385,3.44,3.405,3.618,3.136,3.057,2.829,72.96,114.51050000000001,0
2018-10-15,3.394,3.431,3.387,3.603,3.119,3.034,2.806,70.24,114.35798,0
2018-10-22,3.38,3.414,3.357,3.585,3.084,3.005,2.763,67.43,115.33498,0
2018-10-29,3.355,3.381,3.334,3.555,3.064,2.975,2.732,65.06,116.03322,0
2018-11-05,3.338,3.34,3.281,3.514,3.008,2.927,2.67,61.57,115.72854,0
2018-11-12,3.317,3.28,3.22,3.448,2.949,2.86,2.604,56.92,116.36982499999999,0
2018-11-19,3.282,3.219,3.151,3.383,2.883,2.793,2.525,54.99,116.19647499999999,0
2018-11-26,3.261,3.171,3.088,3.335,2.819,2.736,2.445,51.01,116.59286,0
2018-12-03,3.207,3.098,2.998,3.258,2.731,2.665,2.35,52.63,116.098075,0
2018-12-10,3.161,3.047,2.959,3.217,2.696,2.622,2.325,51.54,116.56796,0
2018-12-17,3.121,3.004,2.903,3.176,2.643,2.583,2.268,46.98,116.2349,0
2018-12-24,3.077,2.974,2.848,3.143,2.588,2.54,2.216,45.22,116.012575,0
2018-12-31,3.048,2.928,2.793,3.096,2.532,2.496,2.156,47.0,115.44515,0
2019-01-07,3.013,2.895,2.764,3.069,2.496,2.465,2.128,50.78,114.30430000000001,0
2019-01-14,2.976,2.888,2.764,3.069,2.496,2.466,2.143,51.92,114.361675,0
2019-01-21,2.965,2.885,2.769,3.055,2.5,2.468,2.147,52.88,114.491675,0
2019-01-28,2.965,2.866,2.773,3.045,2.5,2.458,2.162,53.63,113.8913,0
2019-02-04,2.966,2.867,2.77,3.04,2.488,2.451,2.162,53.53,114.21687999999999,0
2019-02-11,2.966,2.883,2.783,3.062,2.5,2.466,2.187,53.88,114.95888,0
2019-02-18,3.006,2.906,2.817,3.081,2.535,2.502,2.23,56.74,114.45023333333334,0
2019-02-25,3.048,2.937,2.887,3.124,2.601,2.56,2.311,56.12,114.19736,0
2019-03-04,3.076,2.956,2.919,3.137,2.638,2.574,2.352,56.35,115.06394,0
2019-03-11,3.079,2.999,2.959,3.175,2.674,2.625,2.399,57.81,114.86887999999999,0
2019-03-18,3.07,3.064,3.041,3.244,2.75,2.7,2.477,59.44,114.33496,0
2019-03-25,3.08,3.162,3.105,3.337,2.819,2.793,2.544,59.49,114.9156,0
2019-04-01,3.078,3.25,3.172,3.419,2.885,2.863,2.611,62.36,114.94338,0
2019-04-08,3.093,3.355,3.214,3.518,2.93,2.949,2.65,64.1,114.52634,0
2019-04-15,3.118,3.478,3.29,3.635,3.006,3.052,2.725,63.8,114.61794,0
2019-04-22,3.147,3.515,3.301,3.677,3.019,3.097,2.723,65.28,115.31869999999999,0
2019-04-29,3.169,3.571,3.343,3.734,3.062,3.156,2.761,62.9,115.33586,0
2019-05-06,3.171,3.583,3.357,3.748,3.083,3.171,2.771,61.81,115.57706,0
2019-05-13,3.16,3.554,3.331,3.726,3.054,3.149,2.735,62.1,116.03932,0
2019-05-20,3.163,3.536,3.323,3.706,3.045,3.129,2.723,60.72,116.23098,0
2019-05-27,3.151,3.493,3.3,3.67,3.022,3.094,2.696,56.93,116.499275,0
2019-06-03,3.136,3.458,3.295,3.627,3.015,3.058,2.691,52.97,116.06226,0
2019-06-10,3.105,3.398,3.231,3.561,2.955,2.976,2.62,52.52,115.57014,0
2019-06-17,3.07,3.344,3.174,3.505,2.897,2.923,2.553,54.75,115.45586,0
2019-06-24,3.043,3.299,3.154,3.471,2.881,2.896,2.541,58.38,114.62002,0
2019-07-01,3.042,3.336,3.205,3.505,2.931,2.938,2.608,57.32,114.8691,0
2019-07-08,3.055,3.348,3.237,3.517,2.959,2.956,2.644,59.02,114.96392,0
2019-07-15,3.051,3.365,3.266,3.539,2.982,2.987,2.682,56.74,114.86376,0
2019-07-22,3.044,3.345,3.244,3.513,2.958,2.959,2.653,56.05,115.2776,0
2019-07-29,3.034,3.318,3.21,3.491,2.924,2.928,2.615,56.55,115.78810000000001,0
2019-08-05,3.032,3.3,3.187,3.469,2.899,2.902,2.588,53.28,116.59801999999999,0
2019-08-12,3.011,3.242,3.137,3.417,2.851,2.839,2.524,55.31,116.97506000000001,0
2019-08-19,2.994,3.21,3.115,3.387,2.826,2.807,2.501,55.5,117.31886,0
2019-08-26,2.983,3.206,3.087,3.374,2.799,2.797,2.471,55.21,117.9025,0
2019-09-02,2.976,3.207,3.076,3.377,2.789,2.782,2.461,55.73,117.64775,0
2019-09-09,2.971,3.194,3.069,3.357,2.783,2.765,2.45,56.16,117.0133,0
2019-09-16,2.987,3.186,3.07,3.359,2.787,2.763,2.454,59.33,117.05046,0
2019-09-23,3.081,3.286,3.164,3.45,2.883,2.852,2.561,56.9,117.52449999999999,0
2019-09-30,3.066,3.409,3.142,3.571,2.855,2.907,2.518,53.12,117.81246000000002,0
2019-10-07,3.047,3.449,3.14,3.61,2.855,2.929,2.513,53.27,117.4163,0
2019-10-14,3.051,3.438,3.129,3.597,2.843,2.919,2.495,53.49,116.462375,0
2019-10-21,3.05,3.419,3.144,3.568,2.861,2.91,2.512,55.2,116.05850000000001,0
2019-10-28,3.064,3.366,3.106,3.522,2.825,2.871,2.469,55.17,115.96184000000001,0
2019-11-04,3.062,3.379,3.123,3.535,2.847,2.866,2.485,56.69,116.10747999999998,0
2019-11-11,3.073,3.379,3.136,3.535,2.855,2.879,2.493,56.85,116.666425,0
2019-11-18,3.074,3.323,3.12,3.49,2.84,2.851,2.473,56.9,116.67736,0
2019-11-25,3.066,3.287,3.106,3.449,2.83,2.817,2.469,58.07,117.0772,0
2019-12-02,3.07,3.236,3.116,3.406,2.84,2.775,2.485,57.64,116.69368,0
2019-12-09,3.049,3.197,3.111,3.372,2.837,2.745,2.478,59.25,116.06022,0
2019-12-16,3.046,3.17,3.081,3.351,2.811,2.73,2.448,60.75,115.62614,0
2019-12-23,3.041,3.153,3.074,3.33,2.802,2.718,2.447,61.29,115.5533,0
2019-12-30,3.069,3.176,3.099,3.338,2.827,2.751,2.488,62.09,114.898325,0
2020-01-06,3.079,3.176,3.103,3.342,2.833,2.761,2.494,60.84,115.10740000000001,0
2020-01-13,3.064,3.178,3.093,3.345,2.817,2.762,2.482,58.29,115.01541999999999,0
2020-01-20,3.037,3.155,3.068,3.318,2.792,2.731,2.448,56.15,115.38125,0
2020-01-27,3.01,3.129,3.042,3.304,2.761,2.706,2.412,52.7,115.75336,0
2020-02-03,2.956,3.11,2.998,3.274,2.709,2.664,2.358,50.36,116.14313999999999,0
2020-02-10,2.91,3.075,2.972,3.241,2.684,2.624,2.324,50.83,116.40624,0
2020-02-17,2.89,3.077,2.963,3.241,2.68,2.626,2.337,53.14,116.919875,0
2020-02-24,2.882,3.101,2.996,3.27,2.709,2.666,2.373,48.36,117.41478,0
2020-03-02,2.851,3.085,2.961,3.248,2.671,2.639,2.324,45.57,116.71822,0
2020-03-09,2.814,3.049,2.921,3.209,2.626,2.597,2.272,32.39,118.85347999999999,1
2020-03-16,2.733,2.942,2.805,3.098,2.516,2.483,2.139,24.19,123.5148,1
2020-03-23,2.659,2.828,2.684,2.97,2.409,2.361,2.007,19.44,124.24988,1
2020-03-30,2.586,2.731,2.576,2.875,2.295,2.26,1.886,21.69,123.5237,1
2020-04-06,2.548,2.658,2.485,2.806,2.207,2.185,1.8,24.41,123.02248,1
2020-04-13,2.507,2.568,2.418,2.729,2.142,2.106,1.735,20.12,122.80801999999998,1
2020-04-20,2.48,2.529,2.375,2.687,2.1,2.068,1.694,3.32,123.77124,1
2020-04-27,2.437,2.477,2.334,2.644,2.053,2.025,1.655,15.71,123.1016,1
2020-05-04,2.399,2.465,2.339,2.639,2.052,2.02,1.68,23.46,123.05729999999998,1
2020-05-11,2.394,2.5,2.383,2.677,2.089,2.069,1.75,26.4,123.41506,1
2020-05-18,2.386,2.536,2.415,2.712,2.113,2.095,1.776,33.1,122.3751,1
2020-05-25,2.39,2.588,2.493,2.761,2.205,2.153,1.87,34.19,121.228425,1
2020-06-01,2.386,2.601,2.512,2.784,2.227,2.169,1.883,37.32,119.46495999999999,1
2020-06-08,2.396,2.652,2.565,2.824,2.283,2.226,1.947,37.87,118.93474,1
2020-06-15,2.403,2.695,2.636,2.869,2.357,2.272,2.017,38.35,119.97346,1
2020-06-22,2.425,2.721,2.663,2.901,2.383,2.303,2.048,39.22,119.97776000000002,1
2020-06-29,2.43,2.761,2.707,2.935,2.428,2.346,2.094,39.85,120.26675,1
2020-07-06,2.437,2.764,2.719,2.94,2.438,2.344,2.1,40.44,119.45464,1
2020-07-13,2.438,2.786,2.737,2.963,2.454,2.372,2.113,40.57,119.13276,1
2020-07-20,2.433,2.789,2.726,2.964,2.443,2.373,2.099,41.34,118.35607999999999,1
2020-07-27,2.427,2.793,2.724,2.97,2.436,2.369,2.085,40.69,117.30547999999999,1
2020-08-03,2.424,2.793,2.723,2.964,2.445,2.37,2.085,41.57,117.42608,1
2020-08-10,2.428,2.782,2.716,2.954,2.437,2.354,2.078,42.08,117.25498,1
2020-08-17,2.427,2.791,2.714,2.966,2.433,2.359,2.077,42.73,116.74902,1
2020-08-24,2.426,2.817,2.725,2.981,2.442,2.378,2.09,42.93,116.58866,1
2020-08-31,2.441,2.84,2.763,3.011,2.484,2.411,2.135,41.84,115.89218000000001,1
2020-09-07,2.435,2.836,2.758,3.008,2.481,2.405,2.122,37.38,116.13952499999999,1
2020-09-14,2.422,2.82,2.733,2.992,2.451,2.383,2.091,39.55,115.4532,1
2020-09-21,2.404,2.803,2.721,2.972,2.432,2.365,2.078,39.78,117.11792,1
2020-09-28,2.394,2.799,2.719,2.966,2.438,2.346,2.088,38.99,117.10891999999998,1
2020-10-05,2.387,2.793,2.723,2.965,2.442,2.349,2.091,40.19,116.04618,1
2020-10-12,2.395,2.794,2.716,2.965,2.434,2.35,2.084,40.33,115.86555,1
2020-10-19,2.388,2.787,2.698,2.957,2.416,2.338,2.064,40.43,115.13816,1
2020-10-26,2.385,2.785,2.69,2.955,2.407,2.34,2.053,37.32,115.70748,1
2020-11-02,2.372,2.765,2.661,2.936,2.378,2.314,2.021,37.71,115.0663,1
2020-11-09,2.383,2.755,2.643,2.926,2.358,2.3,2.004,40.66,114.1723,1
2020-11-16,2.441,2.765,2.656,2.936,2.377,2.312,2.018,41.52,113.63124,1
2020-11-23,2.462,2.759,2.652,2.933,2.369,2.305,2.009,44.4,113.45623333333333,1
2020-11-30,2.502,2.778,2.661,2.947,2.379,2.329,2.022,45.37,112.48895999999999,1
2020-12-07,2.526,2.798,2.694,2.968,2.412,2.355,2.063,46.04,111.97067999999999,1
2020-12-14,2.559,2.8,2.693,2.973,2.407,2.361,2.063,47.97,111.71525999999999,1
2020-12-21,2.619,2.843,2.749,3.015,2.466,2.41,2.137,47.73,112.03896666666667,1
2020-12-28,2.635,2.858,2.77,3.031,2.482,2.423,2.158,47.98,111.529425,1
2021-01-04,2.64,2.867,2.771,3.042,2.484,2.437,2.16,50.09,111.1208,1
2021-01-11,2.67,2.927,2.839,3.101,2.55,2.498,2.232,52.75,111.48106,1
2021-01-18,2.696,2.995,2.885,3.166,2.601,2.579,2.285,52.82,111.40053333333333,1
2021-01-25,2.716,3.014,2.9,3.191,2.615,2.593,2.298,52.52,111.91199999999999,1
2021-02-01,2.738,3.034,2.917,3.21,2.63,2.608,2.316,55.39,112.38932,1
2021-02-08,2.801,3.083,2.975,3.258,2.69,2.653,2.372,58.54,111.68196,1
2021-02-15,2.876,3.13,3.011,3.297,2.73,2.701,2.409,60.17,111.9186,1
2021-02-22,2.973,3.235,3.14,3.411,2.854,2.815,2.549,62.3,112.05864,0
2021-03-01,3.072,3.324,3.213,3.501,2.926,2.899,2.625,62.29,112.85491999999999,0
2021-03-08,3.143,3.38,3.284,3.56,2.997,2.961,2.684,65.02,113.54644,0
2021-03-15,3.191,3.472,3.369,3.646,3.088,3.044,2.766,63.22,113.01712,0
2021-03-22,3.194,3.485,3.399,3.655,3.119,3.051,2.78,59.95,113.53851999999999,0
2021-03-29,3.161,3.465,3.39,3.645,3.113,3.032,2.771,60.66,113.88564000000001,0
2021-04-05,3.144,3.472,3.395,3.649,3.118,3.032,2.777,59.35,113.2157,0
2021-04-12,3.129,3.49,3.385,3.656,3.104,3.036,2.763,61.93,112.821,0
2021-04-19,3.124,3.507,3.391,3.666,3.106,3.045,2.767,62.18,112.18292,0
2021-04-26,3.124,3.536,3.4,3.698,3.113,3.08,2.776,63.47,111.86836000000001,0
2021-05-03,3.142,3.559,3.415,3.725,3.132,3.106,2.79,65.1,111.8622,0
2021-05-10,3.186,3.628,3.482,3.793,3.2,3.181,2.86,65.07,111.19539999999999,0
2021-05-17,3.249,3.684,3.552,3.846,3.273,3.241,2.928,64.11,110.94189999999999,0
2021-05-24,3.253,3.695,3.554,3.85,3.277,3.237,2.92,66.4,110.84957999999999,0
2021-05-31,3.255,3.706,3.558,3.866,3.278,3.244,2.927,68.74,110.7537,0
2021-06-07,3.274,3.715,3.568,3.882,3.293,3.255,2.935,70.11,110.67482,0
2021-06-14,3.286,3.737,3.606,3.909,3.322,3.283,2.97,71.55,111.81022,0
2021-06-21,3.287,3.735,3.606,3.907,3.326,3.276,2.961,73.48,112.48598,0
2021-06-28,3.3,3.775,3.635,3.947,3.357,3.309,2.99,74.07,112.42438,0
2021-07-05,3.331,3.787,3.681,3.955,3.407,3.321,3.032,73.35,112.992875,0
2021-07-12,3.338,3.807,3.691,3.971,3.416,3.339,3.039,73.19,112.93888,0
2021-07-19,3.344,3.815,3.717,3.984,3.443,3.354,3.061,69.68,113.51986,0
2021-07-26,3.342,3.81,3.706,3.976,3.434,3.34,3.044,72.75,112.9564,0
2021-08-02,3.367,3.846,3.725,4.023,3.448,3.378,3.059,69.5,112.89268,0
2021-08-09,3.364,3.841,3.752,4.019,3.479,3.372,3.081,68.33,113.3124,0
2021-08-16,3.356,3.857,3.752,4.037,3.478,3.381,3.079,65.05,113.81892,0
2021-08-23,3.324,3.838,3.729,4.002,3.452,3.356,3.048,67.59,113.67644,0
2021-08-30,3.339,3.832,3.724,4.007,3.444,3.352,3.041,69.15,112.91214,0
2021-09-06,3.373,3.858,3.751,4.032,3.474,3.385,3.08,68.98,113.049225,0
2021-09-13,3.372,3.849,3.739,4.021,3.464,3.378,3.068,71.69,113.184,0
2021-09-20,3.385,3.851,3.762,4.026,3.486,3.382,3.094,72.18,113.73101999999999,0
2021-09-27,3.406,3.855,3.747,4.029,3.472,3.382,3.08,75.45,114.34387999999998,0
2021-10-04,3.477,3.869,3.757,4.041,3.48,3.4,3.093,78.5,114.49216000000001,0
2021-10-11,3.586,3.925,3.829,4.101,3.551,3.474,3.173,81.18,114.38012499999999,0
2021-10-18,3.671,3.99,3.871,4.17,3.592,3.537,3.225,83.48,113.68679999999999,0
2021-10-25,3.713,4.063,3.926,4.246,3.643,3.611,3.279,83.84,113.69492,0
2021-11-01,3.727,4.085,3.929,4.271,3.648,3.632,3.28,81.79,114.25594000000001,0
2021-11-08,3.73,4.117,3.935,4.3,3.66,3.665,3.294,81.93,114.0626,0
2021-11-15,3.734,4.134,3.927,4.316,3.647,3.668,3.277,78.99,115.00728,0
2021-11-22,3.724,4.143,3.93,4.319,3.645,3.668,3.271,77.79,116.110325,0
2021-11-29,3.72,4.141,3.913,4.314,3.626,3.66,3.253,66.89,116.18656000000001,0
2021-12-06,3.674,4.12,3.875,4.288,3.587,3.639,3.204,71.31,115.76053999999999,0
2021-12-13,3.649,4.106,3.846,4.27,3.558,3.614,3.178,71.18,116.00183999999999,0
2021-12-20,3.626,4.099,3.826,4.261,3.539,3.602,3.154,71.63,115.850075,0
2021-12-27,3.615,4.078,3.81,4.244,3.521,3.577,3.136,76.05,115.850075,0
